sample_name	ligation_id	organism	isolate	tissue	sex	collection_date	dev_stage
APCL13_220_L0255	L0255	Amphiprion clarkii	not applicable	tail fin	male	2013-05-27	adult
APCL13_221_L0256	L0256	Amphiprion clarkii	not applicable	tail fin	not applicable	2013-05-27	juvenile
APCL13_222_L0257	L0257	Amphiprion clarkii	not applicable	tail fin	female	2013-05-27	adult
APCL13_223_L0258	L0258	Amphiprion clarkii	not applicable	tail fin	not applicable	2013-05-27	juvenile
APCL13_224_L0259	L0259	Amphiprion clarkii	not applicable	tail fin	not applicable	2013-05-27	juvenile
APCL13_225_L0260	L0260	Amphiprion clarkii	not applicable	tail fin	male	2013-05-27	adult
APCL13_226_L0261	L0261	Amphiprion clarkii	not applicable	tail fin	not applicable	2013-05-27	juvenile
APCL13_227_L0262	L0262	Amphiprion clarkii	not applicable	tail fin	not applicable	2013-05-27	juvenile
APCL13_228_L0263	L0263	Amphiprion clarkii	not applicable	tail fin	female	2013-05-27	adult
APCL13_229_L0264	L0264	Amphiprion clarkii	not applicable	tail fin	not applicable	2013-05-27	juvenile
APCL13_230_L0265	L0265	Amphiprion clarkii	not applicable	tail fin	not applicable	2013-05-27	juvenile
APCL13_231_L0266	L0266	Amphiprion clarkii	not applicable	tail fin	female	2013-05-27	adult
APCL13_233_L0267	L0267	Amphiprion clarkii	not applicable	tail fin	female	2013-05-27	adult
APCL13_234_L0268	L0268	Amphiprion clarkii	not applicable	tail fin	not applicable	2013-05-27	juvenile
APCL13_237_L0270	L0270	Amphiprion clarkii	not applicable	tail fin	not applicable	2013-05-27	juvenile
APCL13_238_L0271	L0271	Amphiprion clarkii	not applicable	tail fin	not applicable	2013-05-27	juvenile
APCL13_239_L0272	L0272	Amphiprion clarkii	not applicable	tail fin	male	2013-05-27	adult
APCL13_240_L0273	L0273	Amphiprion clarkii	not applicable	tail fin	not applicable	2013-05-27	juvenile
APCL13_241_L0274	L0274	Amphiprion clarkii	not applicable	tail fin	female	2013-05-27	adult
APCL13_242_L0275	L0275	Amphiprion clarkii	not applicable	tail fin	male	2013-05-27	adult
APCL13_243_L0276	L0276	Amphiprion clarkii	not applicable	tail fin	male	2013-05-27	adult
APCL13_244_L0277	L0277	Amphiprion clarkii	not applicable	tail fin	female	2013-05-27	adult
APCL13_245_L0278	L0278	Amphiprion clarkii	not applicable	tail fin	not applicable	2013-05-27	juvenile
APCL13_246_L0279	L0279	Amphiprion clarkii	not applicable	tail fin	female	2013-05-27	adult
APCL13_247_L0280	L0280	Amphiprion clarkii	not applicable	tail fin	not applicable	2013-05-27	juvenile
APCL13_249_L0282	L0282	Amphiprion clarkii	not applicable	tail fin	not applicable	2013-05-27	juvenile
APCL13_250_L0283	L0283	Amphiprion clarkii	not applicable	tail fin	not applicable	2013-05-27	juvenile
APCL13_251_L0284	L0284	Amphiprion clarkii	not applicable	tail fin	female	2013-05-27	adult
APCL13_252_L0285	L0285	Amphiprion clarkii	not applicable	tail fin	female	2013-05-27	adult
APCL13_253_L0286	L0286	Amphiprion clarkii	not applicable	tail fin	not applicable	2013-05-28	juvenile
APCL13_254_L0287	L0287	Amphiprion clarkii	not applicable	tail fin	female	2013-05-28	adult
APCL13_256_L0289	L0289	Amphiprion clarkii	not applicable	tail fin	female	2013-05-28	adult
APCL13_257_L0290	L0290	Amphiprion clarkii	not applicable	tail fin	male	2013-05-28	adult
APCL13_258_L0291	L0291	Amphiprion clarkii	not applicable	tail fin	not applicable	2013-05-28	juvenile
APCL13_259_L0292	L0292	Amphiprion clarkii	not applicable	tail fin	female	2013-05-28	adult
APCL13_260_L0293	L0293	Amphiprion clarkii	not applicable	tail fin	not applicable	2013-05-28	juvenile
APCL13_261_L0294	L0294	Amphiprion clarkii	not applicable	tail fin	not applicable	2013-05-28	juvenile
APCL13_262_L0295	L0295	Amphiprion clarkii	not applicable	tail fin	male	2013-05-28	adult
APCL13_263_L0296	L0296	Amphiprion clarkii	not applicable	tail fin	not applicable	2013-05-28	juvenile
APCL13_264_L0297	L0297	Amphiprion clarkii	not applicable	tail fin	female	2013-05-28	adult
APCL13_265_L0298	L0298	Amphiprion clarkii	not applicable	tail fin	not applicable	2013-05-28	juvenile
APCL13_267_L0300	L0300	Amphiprion clarkii	not applicable	tail fin	male	2013-05-28	adult
APCL13_268_L0301	L0301	Amphiprion clarkii	not applicable	tail fin	not applicable	2013-05-28	juvenile
APCL13_269_L0302	L0302	Amphiprion clarkii	not applicable	tail fin	female	2013-05-28	adult
APCL13_270_L0303	L0303	Amphiprion clarkii	not applicable	tail fin	male	2013-05-28	adult
APCL13_273_L0306	L0306	Amphiprion clarkii	not applicable	tail fin	female	2013-05-28	adult
APCL13_274_L0307	L0307	Amphiprion clarkii	not applicable	tail fin	not applicable	2013-05-28	juvenile
APCL13_275_L0308	L0308	Amphiprion clarkii	not applicable	tail fin	male	2013-05-28	adult
APCL13_276_L0309	L0309	Amphiprion clarkii	not applicable	tail fin	female	2013-05-28	adult
APCL13_278_L0311	L0311	Amphiprion clarkii	not applicable	tail fin	male	2013-05-28	adult
APCL13_279_L0312	L0312	Amphiprion clarkii	not applicable	tail fin	female	2013-05-28	adult
APCL13_282_L0314	L0314	Amphiprion clarkii	not applicable	tail fin	female	2013-05-28	adult
APCL13_283_L0315	L0315	Amphiprion clarkii	not applicable	tail fin	male	2013-05-28	adult
APCL13_284_L0316	L0316	Amphiprion clarkii	not applicable	tail fin	female	2013-05-28	adult
APCL13_285_L0317	L0317	Amphiprion clarkii	not applicable	tail fin	not applicable	2013-05-28	juvenile
APCL13_286_L0318	L0318	Amphiprion clarkii	not applicable	tail fin	not applicable	2013-05-28	juvenile
APCL13_287_L0319	L0319	Amphiprion clarkii	not applicable	tail fin	not applicable	2013-05-28	juvenile
APCL13_288_L0320	L0320	Amphiprion clarkii	not applicable	tail fin	male	2013-05-28	adult
APCL13_289_L0321	L0321	Amphiprion clarkii	not applicable	tail fin	not applicable	2013-05-28	juvenile
APCL13_290_L0322	L0322	Amphiprion clarkii	not applicable	tail fin	female	2013-05-28	adult
APCL13_291_L0323	L0323	Amphiprion clarkii	not applicable	tail fin	not applicable	2013-05-28	juvenile
APCL13_292_L0324	L0324	Amphiprion clarkii	not applicable	tail fin	not applicable	2013-05-28	juvenile
APCL13_293_L0325	L0325	Amphiprion clarkii	not applicable	tail fin	female	2013-05-28	adult
APCL13_294_L0326	L0326	Amphiprion clarkii	not applicable	tail fin	not applicable	2013-05-28	juvenile
APCL13_295_L0327	L0327	Amphiprion clarkii	not applicable	tail fin	female	2013-05-28	adult
APCL13_296_L0328	L0328	Amphiprion clarkii	not applicable	tail fin	male	2013-05-28	adult
APCL13_297_L0329	L0329	Amphiprion clarkii	not applicable	tail fin	female	2013-05-28	adult
APCL13_298_L0330	L0330	Amphiprion clarkii	not applicable	tail fin	not applicable	2013-05-28	juvenile
APCL13_300_L0331	L0331	Amphiprion clarkii	not applicable	tail fin	not applicable	2013-05-28	juvenile
APCL13_302_L0333	L0333	Amphiprion clarkii	not applicable	tail fin	male	2013-05-28	adult
APCL13_303_L0334	L0334	Amphiprion clarkii	not applicable	tail fin	female	2013-05-28	adult
APCL13_304_L0335	L0335	Amphiprion clarkii	not applicable	tail fin	male	2013-05-28	adult
APCL13_307_L0338	L0338	Amphiprion clarkii	not applicable	tail fin	male	2013-05-28	adult
APCL13_308_L0339	L0339	Amphiprion clarkii	not applicable	tail fin	female	2013-05-28	adult
APCL13_309_L0340	L0340	Amphiprion clarkii	not applicable	tail fin	not applicable	2013-05-28	juvenile
APCL13_310_L0341	L0341	Amphiprion clarkii	not applicable	tail fin	male	2013-05-28	adult
APCL13_311_L0342	L0342	Amphiprion clarkii	not applicable	tail fin	male	2013-05-28	adult
APCL13_312_L0343	L0343	Amphiprion clarkii	not applicable	tail fin	female	2013-05-28	adult
APCL13_313_L0344	L0344	Amphiprion clarkii	not applicable	tail fin	not applicable	2013-05-28	juvenile
APCL13_314_L0345	L0345	Amphiprion clarkii	not applicable	tail fin	male	2013-05-28	adult
APCL13_315_L0346	L0346	Amphiprion clarkii	not applicable	tail fin	male	2013-05-28	adult
APCL13_317_L0347	L0347	Amphiprion clarkii	not applicable	tail fin	male	2013-05-28	adult
APCL13_318_L0348	L0348	Amphiprion clarkii	not applicable	tail fin	not applicable	2013-05-28	juvenile
APCL13_319_L0349	L0349	Amphiprion clarkii	not applicable	tail fin	female	2013-05-29	adult
APCL13_322_L0350	L0350	Amphiprion clarkii	not applicable	tail fin	female	2013-05-29	adult
APCL13_325_L0352	L0352	Amphiprion clarkii	not applicable	tail fin	not applicable	2013-05-29	juvenile
APCL13_326_L0353	L0353	Amphiprion clarkii	not applicable	tail fin	female	2013-05-29	adult
APCL13_329_L0354	L0354	Amphiprion clarkii	not applicable	tail fin	female	2013-05-29	adult
APCL13_330_L0355	L0355	Amphiprion clarkii	not applicable	tail fin	male	2013-05-29	adult
APCL13_331_L0356	L0356	Amphiprion clarkii	not applicable	tail fin	female	2013-05-29	adult
APCL13_335_L0359	L0359	Amphiprion clarkii	not applicable	tail fin	female	2013-05-29	adult
APCL13_338_L0360	L0360	Amphiprion clarkii	not applicable	tail fin	male	2013-05-29	adult
APCL13_341_L0362	L0362	Amphiprion clarkii	not applicable	tail fin	not applicable	2013-05-29	juvenile
APCL13_342_L0363	L0363	Amphiprion clarkii	not applicable	tail fin	not applicable	2013-05-29	juvenile
APCL13_343_L0364	L0364	Amphiprion clarkii	not applicable	tail fin	male	2013-05-29	adult
APCL13_344_L0365	L0365	Amphiprion clarkii	not applicable	tail fin	female	2013-05-29	adult
APCL13_346_L0366	L0366	Amphiprion clarkii	not applicable	tail fin	not applicable	2013-05-29	juvenile
APCL13_349_L0368	L0368	Amphiprion clarkii	not applicable	tail fin	male	2013-05-29	adult
APCL13_350_L0369	L0369	Amphiprion clarkii	not applicable	tail fin	male	2013-05-29	adult
APCL13_354_L0371	L0371	Amphiprion clarkii	not applicable	tail fin	male	2013-05-29	adult
APCL13_355_L0372	L0372	Amphiprion clarkii	not applicable	tail fin	female	2013-05-29	adult
APCL13_356_L0373	L0373	Amphiprion clarkii	not applicable	tail fin	male	2013-05-29	adult
APCL13_358_L0374	L0374	Amphiprion clarkii	not applicable	tail fin	not applicable	2013-05-29	juvenile
APCL13_359_L0375	L0375	Amphiprion clarkii	not applicable	tail fin	not applicable	2013-05-29	juvenile
APCL13_360_L0376	L0376	Amphiprion clarkii	not applicable	tail fin	not applicable	2013-05-29	juvenile
APCL13_365_L0379	L0379	Amphiprion clarkii	not applicable	tail fin	female	2013-05-29	adult
APCL13_366_L0380	L0380	Amphiprion clarkii	not applicable	tail fin	male	2013-05-29	adult
APCL13_368_L0382	L0382	Amphiprion clarkii	not applicable	tail fin	female	2013-05-29	adult
APCL13_370_L0384	L0384	Amphiprion clarkii	not applicable	tail fin	male	2013-05-29	adult
APCL13_372_L0385	L0385	Amphiprion clarkii	not applicable	tail fin	not applicable	2013-05-29	juvenile
APCL13_373_L0386	L0386	Amphiprion clarkii	not applicable	tail fin	not applicable	2013-05-29	juvenile
APCL13_374_L0387	L0387	Amphiprion clarkii	not applicable	tail fin	not applicable	2013-05-29	juvenile
APCL13_375_L0388	L0388	Amphiprion clarkii	not applicable	tail fin	female	2013-05-29	adult
APCL13_376_L0389	L0389	Amphiprion clarkii	not applicable	tail fin	female	2013-05-29	adult
APCL13_377_L0390	L0390	Amphiprion clarkii	not applicable	tail fin	male	2013-05-29	adult
APCL13_379_L0391	L0391	Amphiprion clarkii	not applicable	tail fin	female	2013-05-29	adult
APCL13_380_L0392	L0392	Amphiprion clarkii	not applicable	tail fin	not applicable	2013-05-29	juvenile
APCL13_381_L0393	L0393	Amphiprion clarkii	not applicable	tail fin	female	2013-05-29	adult
APCL13_382_L0394	L0394	Amphiprion clarkii	not applicable	tail fin	not applicable	2013-05-29	juvenile
APCL13_384_L0395	L0395	Amphiprion clarkii	not applicable	tail fin	male	2013-05-29	adult
APCL13_387_L0397	L0397	Amphiprion clarkii	not applicable	tail fin	female	2013-05-30	adult
APCL13_388_L0398	L0398	Amphiprion clarkii	not applicable	tail fin	not applicable	2013-05-30	juvenile
APCL13_390_L0400	L0400	Amphiprion clarkii	not applicable	tail fin	not applicable	2013-05-30	juvenile
APCL13_391_L0401	L0401	Amphiprion clarkii	not applicable	tail fin	male	2013-05-30	adult
APCL13_392_L0402	L0402	Amphiprion clarkii	not applicable	tail fin	female	2013-05-30	adult
APCL13_397_L0403	L0403	Amphiprion clarkii	not applicable	tail fin	male	2013-05-30	adult
APCL13_401_L0405	L0405	Amphiprion clarkii	not applicable	tail fin	not applicable	2013-05-30	juvenile
APCL13_405_L0406	L0406	Amphiprion clarkii	not applicable	tail fin	male	2013-05-30	adult
APCL13_406_L0407	L0407	Amphiprion clarkii	not applicable	tail fin	not applicable	2013-05-30	juvenile
APCL13_407_L0408	L0408	Amphiprion clarkii	not applicable	tail fin	male	2013-05-30	adult
APCL13_408_L0409	L0409	Amphiprion clarkii	not applicable	tail fin	female	2013-05-30	adult
APCL13_031_L0410	L0410	Amphiprion clarkii	not applicable	tail fin	female	2013-05-23	adult
APCL13_037_L0411	L0411	Amphiprion clarkii	not applicable	tail fin	not applicable	2013-05-23	juvenile
APCL13_039_L0412	L0412	Amphiprion clarkii	not applicable	tail fin	female	2013-05-23	adult
APCL13_041_L0414	L0414	Amphiprion clarkii	not applicable	tail fin	not applicable	2013-05-23	juvenile
APCL13_044_L0416	L0416	Amphiprion clarkii	not applicable	tail fin	female	2013-05-23	adult
APCL13_045_L0417	L0417	Amphiprion clarkii	not applicable	tail fin	male	2013-05-23	adult
APCL13_046_L0418	L0418	Amphiprion clarkii	not applicable	tail fin	female	2013-05-23	adult
APCL13_049_L0419	L0419	Amphiprion clarkii	not applicable	tail fin	not applicable	2013-05-23	juvenile
APCL13_060_L0420	L0420	Amphiprion clarkii	not applicable	tail fin	not applicable	2013-05-23	juvenile
APCL13_073_L0421	L0421	Amphiprion clarkii	not applicable	tail fin	female	2013-05-24	adult
APCL13_081_L0422	L0422	Amphiprion clarkii	not applicable	tail fin	female	2013-05-24	adult
APCL13_088_L0426	L0426	Amphiprion clarkii	not applicable	tail fin	female	2013-05-24	adult
APCL13_109_L0428	L0428	Amphiprion clarkii	not applicable	tail fin	male	2013-05-25	adult
APCL13_111_L0429	L0429	Amphiprion clarkii	not applicable	tail fin	female	2013-05-25	adult
APCL13_118_L0430	L0430	Amphiprion clarkii	not applicable	tail fin	female	2013-05-25	adult
APCL13_119_L0431	L0431	Amphiprion clarkii	not applicable	tail fin	male	2013-05-25	adult
APCL13_136_L0433	L0433	Amphiprion clarkii	not applicable	tail fin	female	2013-05-26	adult
APCL13_147_L0434	L0434	Amphiprion clarkii	not applicable	tail fin	male	2013-05-26	adult
APCL13_148_L0435	L0435	Amphiprion clarkii	not applicable	tail fin	female	2013-05-26	adult
APCL13_154_L0436	L0436	Amphiprion clarkii	not applicable	tail fin	not applicable	2013-05-26	juvenile
APCL13_156_L0437	L0437	Amphiprion clarkii	not applicable	tail fin	female	2013-05-26	adult
APCL13_163_L0438	L0438	Amphiprion clarkii	not applicable	tail fin	male	2013-05-26	adult
APCL13_164_L0439	L0439	Amphiprion clarkii	not applicable	tail fin	male	2013-05-26	adult
APCL13_180_L0440	L0440	Amphiprion clarkii	not applicable	tail fin	male	2013-05-26	adult
APCL13_182_L0441	L0441	Amphiprion clarkii	not applicable	tail fin	male	2013-05-26	adult
APCL13_219_L0445	L0445	Amphiprion clarkii	not applicable	tail fin	male	2013-05-27	adult
APCL13_427_L0451	L0451	Amphiprion clarkii	not applicable	tail fin	male	2013-05-30	adult
APCL13_004_L0454	L0454	Amphiprion clarkii	not applicable	tail fin	male	2013-05-22	adult
APCL13_006_L0456	L0456	Amphiprion clarkii	not applicable	tail fin	female	2013-05-22	adult
APCL13_009_L0459	L0459	Amphiprion clarkii	not applicable	tail fin	male	2013-05-22	adult
APCL13_018_L0465	L0465	Amphiprion clarkii	not applicable	tail fin	NA	2013-05-22	NA
APCL13_482_L0469	L0469	Amphiprion clarkii	not applicable	tail fin	female	2013-05-31	adult
APCL13_494_L0475	L0475	Amphiprion clarkii	not applicable	tail fin	female	2013-05-31	adult
APCL13_495_L0476	L0476	Amphiprion clarkii	not applicable	tail fin	not applicable	2013-05-31	juvenile
APCL13_497_L0477	L0477	Amphiprion clarkii	not applicable	tail fin	female	2013-05-31	adult
APCL13_499_L0479	L0479	Amphiprion clarkii	not applicable	tail fin	female	2013-06-01	adult
APCL13_019_L0480	L0480	Amphiprion clarkii	not applicable	tail fin	not applicable	2013-05-22	juvenile
APCL13_020_L0481	L0481	Amphiprion clarkii	not applicable	tail fin	female	2013-05-22	adult
APCL13_022_L0482	L0482	Amphiprion clarkii	not applicable	tail fin	female	2013-05-22	adult
APCL13_025_L0484	L0484	Amphiprion clarkii	not applicable	tail fin	not applicable	2013-05-22	juvenile
APCL13_538_L0491	L0491	Amphiprion clarkii	not applicable	tail fin	female	2013-06-02	adult
APCL13_548_L0492	L0492	Amphiprion clarkii	not applicable	tail fin	female	2013-06-02	adult
APCL13_552_L0494	L0494	Amphiprion clarkii	not applicable	tail fin	not applicable	2013-06-02	juvenile
APCL14_290_L0591	L0591	Amphiprion clarkii	not applicable	tail fin	female	2014-06-22	adult
APCL14_291_L0592	L0592	Amphiprion clarkii	not applicable	tail fin	male	2014-06-22	adult
APCL14_292_L0593	L0593	Amphiprion clarkii	not applicable	tail fin	male	2014-06-22	adult
APCL14_299_L0594	L0594	Amphiprion clarkii	not applicable	tail fin	female	2014-06-22	adult
APCL14_310_L0598	L0598	Amphiprion clarkii	not applicable	tail fin	not applicable	2014-06-22	juvenile
APCL14_313_L0599	L0599	Amphiprion clarkii	not applicable	tail fin	not applicable	2014-06-22	juvenile
APCL14_314_L0600	L0600	Amphiprion clarkii	not applicable	tail fin	not applicable	2014-06-22	juvenile
APCL14_317_L0601	L0601	Amphiprion clarkii	not applicable	tail fin	female	2014-06-22	adult
APCL14_319_L0603	L0603	Amphiprion clarkii	not applicable	tail fin	female	2014-06-22	adult
APCL14_321_L0604	L0604	Amphiprion clarkii	not applicable	tail fin	male	2014-06-22	adult
APCL14_323_L0605	L0605	Amphiprion clarkii	not applicable	tail fin	not applicable	2014-06-22	juvenile
APCL14_333_L0607	L0607	Amphiprion clarkii	not applicable	tail fin	male	2014-06-24	adult
APCL14_334_L0608	L0608	Amphiprion clarkii	not applicable	tail fin	not applicable	2014-06-24	juvenile
APCL14_335_L0609	L0609	Amphiprion clarkii	not applicable	tail fin	male	2014-06-24	adult
APCL14_344_L0611	L0611	Amphiprion clarkii	not applicable	tail fin	not applicable	2014-06-24	juvenile
APCL14_309_L0612	L0612	Amphiprion clarkii	not applicable	tail fin	male	2014-06-22	adult
APCL14_312_L0613	L0613	Amphiprion clarkii	not applicable	tail fin	male	2014-06-22	adult
APCL14_320_L0614	L0614	Amphiprion clarkii	not applicable	tail fin	not applicable	2014-06-22	juvenile
APCL14_337_L0615	L0615	Amphiprion clarkii	not applicable	tail fin	not applicable	2014-06-24	juvenile
APCL14_338_L0616	L0616	Amphiprion clarkii	not applicable	tail fin	not applicable	2014-06-24	juvenile
APCL14_341_L0617	L0617	Amphiprion clarkii	not applicable	tail fin	not applicable	2014-06-24	juvenile
APCL14_342_L0618	L0618	Amphiprion clarkii	not applicable	tail fin	not applicable	2014-06-24	juvenile
APCL14_441_L0619	L0619	Amphiprion clarkii	not applicable	tail fin	not applicable	2014-06-24	juvenile
APCL14_541_L0620	L0620	Amphiprion clarkii	not applicable	tail fin	not applicable	2014-07-02	juvenile
APCL14_544_L0621	L0621	Amphiprion clarkii	not applicable	tail fin	female	2014-07-02	adult
APCL14_552_L0624	L0624	Amphiprion clarkii	not applicable	tail fin	not applicable	2014-07-02	juvenile
APCL14_449_L0625	L0625	Amphiprion clarkii	not applicable	tail fin	not applicable	2014-06-24	juvenile
APCL14_454_L0626	L0626	Amphiprion clarkii	not applicable	tail fin	not applicable	2014-06-26	juvenile
APCL14_457_L0627	L0627	Amphiprion clarkii	not applicable	tail fin	female	2014-06-26	adult
APCL14_460_L0628	L0628	Amphiprion clarkii	not applicable	tail fin	not applicable	2014-06-26	juvenile
APCL14_217_L0629	L0629	Amphiprion clarkii	not applicable	tail fin	not applicable	2014-06-18	juvenile
APCL14_293_L0631	L0631	Amphiprion clarkii	not applicable	tail fin	not applicable	2014-06-22	juvenile
APCL14_300_L0633	L0633	Amphiprion clarkii	not applicable	tail fin	not applicable	2014-06-22	juvenile
APCL14_327_L0635	L0635	Amphiprion clarkii	not applicable	tail fin	not applicable	2014-06-24	juvenile
APCL13_316_L0641	L0641	Amphiprion clarkii	not applicable	tail fin	not applicable	2013-05-28	juvenile
APCL13_332_L0643	L0643	Amphiprion clarkii	not applicable	tail fin	not applicable	2013-05-29	juvenile
APCL13_657_L0646	L0646	Amphiprion clarkii	not applicable	tail fin	not applicable	2013-06-04	juvenile
APCL13_420_L0651	L0651	Amphiprion clarkii	not applicable	tail fin	female	2013-05-30	adult
APCL13_421_L0652	L0652	Amphiprion clarkii	not applicable	tail fin	not applicable	2013-05-30	juvenile
APCL13_425_L0653	L0653	Amphiprion clarkii	not applicable	tail fin	not applicable	2013-05-30	juvenile
APCL13_469_L0654	L0654	Amphiprion clarkii	not applicable	tail fin	male	2013-05-31	adult
APCL13_471_L0655	L0655	Amphiprion clarkii	not applicable	tail fin	male	2013-05-31	adult
APCL13_474_L0656	L0656	Amphiprion clarkii	not applicable	tail fin	female	2013-05-31	adult
APCL13_481_L0657	L0657	Amphiprion clarkii	not applicable	tail fin	not applicable	2013-05-31	juvenile
APCL13_485_L0658	L0658	Amphiprion clarkii	not applicable	tail fin	not applicable	2013-05-31	juvenile
APCL13_488_L0659	L0659	Amphiprion clarkii	not applicable	tail fin	female	2013-05-31	adult
APCL13_489_L0660	L0660	Amphiprion clarkii	not applicable	tail fin	not applicable	2013-05-31	juvenile
APCL13_490_L0661	L0661	Amphiprion clarkii	not applicable	tail fin	not applicable	2013-05-31	juvenile
APCL13_021_L0662	L0662	Amphiprion clarkii	not applicable	tail fin	male	2013-05-22	adult
APCL13_517_L0663	L0663	Amphiprion clarkii	not applicable	tail fin	female	2013-06-02	adult
APCL13_521_L0664	L0664	Amphiprion clarkii	not applicable	tail fin	not applicable	2013-06-02	juvenile
APCL13_526_L0665	L0665	Amphiprion clarkii	not applicable	tail fin	female	2013-06-02	adult
APCL13_528_L0666	L0666	Amphiprion clarkii	not applicable	tail fin	female	2013-06-02	adult
APCL13_530_L0667	L0667	Amphiprion clarkii	not applicable	tail fin	male	2013-06-02	adult
APCL13_532_L0668	L0668	Amphiprion clarkii	not applicable	tail fin	female	2013-06-02	adult
APCL13_534_L0669	L0669	Amphiprion clarkii	not applicable	tail fin	female	2013-06-02	adult
APCL13_565_L0670	L0670	Amphiprion clarkii	not applicable	tail fin	female	2013-06-03	adult
APCL13_566_L0671	L0671	Amphiprion clarkii	not applicable	tail fin	male	2013-06-03	adult
APCL13_569_L0672	L0672	Amphiprion clarkii	not applicable	tail fin	female	2013-06-03	adult
APCL13_570_L0673	L0673	Amphiprion clarkii	not applicable	tail fin	male	2013-06-03	adult
APCL13_573_L0674	L0674	Amphiprion clarkii	not applicable	tail fin	female	2013-06-03	adult
APCL13_580_L0675	L0675	Amphiprion clarkii	not applicable	tail fin	not applicable	2013-06-03	juvenile
APCL13_583_L0676	L0676	Amphiprion clarkii	not applicable	tail fin	male	2013-06-03	adult
APCL13_584_L0677	L0677	Amphiprion clarkii	not applicable	tail fin	male	2013-06-03	adult
APCL13_587_L0678	L0678	Amphiprion clarkii	not applicable	tail fin	male	2013-06-03	adult
APCL13_590_L0679	L0679	Amphiprion clarkii	not applicable	tail fin	not applicable	2013-06-03	juvenile
APCL13_591_L0680	L0680	Amphiprion clarkii	not applicable	tail fin	not applicable	2013-06-03	juvenile
APCL13_594_L0681	L0681	Amphiprion clarkii	not applicable	tail fin	male	2013-06-03	adult
APCL13_600_L0682	L0682	Amphiprion clarkii	not applicable	tail fin	not applicable	2013-06-03	juvenile
APCL13_601_L0683	L0683	Amphiprion clarkii	not applicable	tail fin	not applicable	2013-06-03	juvenile
APCL13_604_L0684	L0684	Amphiprion clarkii	not applicable	tail fin	female	2013-06-03	adult
APCL13_605_L0685	L0685	Amphiprion clarkii	not applicable	tail fin	not applicable	2013-06-03	juvenile
APCL13_614_L0686	L0686	Amphiprion clarkii	not applicable	tail fin	male	2013-06-04	adult
APCL14_009_L0687	L0687	Amphiprion clarkii	not applicable	tail fin	male	2014-06-10	adult
APCL13_619_L0688	L0688	Amphiprion clarkii	not applicable	tail fin	female	2013-06-04	adult
APCL13_621_L0689	L0689	Amphiprion clarkii	not applicable	tail fin	female	2013-06-04	adult
APCL13_622_L0690	L0690	Amphiprion clarkii	not applicable	tail fin	male	2013-06-04	adult
APCL13_626_L0691	L0691	Amphiprion clarkii	not applicable	tail fin	not applicable	2013-06-04	juvenile
APCL13_628_L0692	L0692	Amphiprion clarkii	not applicable	tail fin	not applicable	2013-06-04	juvenile
APCL13_633_L0693	L0693	Amphiprion clarkii	not applicable	tail fin	not applicable	2013-06-04	juvenile
APCL13_642_L0694	L0694	Amphiprion clarkii	not applicable	tail fin	not applicable	2013-06-04	juvenile
APCL13_646_L0695	L0695	Amphiprion clarkii	not applicable	tail fin	not applicable	2013-06-04	juvenile
APCL13_653_L0696	L0696	Amphiprion clarkii	not applicable	tail fin	not applicable	2013-06-04	juvenile
APCL13_654_L0697	L0697	Amphiprion clarkii	not applicable	tail fin	not applicable	2013-06-04	juvenile
APCL13_655_L0698	L0698	Amphiprion clarkii	not applicable	tail fin	not applicable	2013-06-04	juvenile
APCL14_018_L0699	L0699	Amphiprion clarkii	not applicable	tail fin	not applicable	2014-06-10	juvenile
APCL14_022_L0700	L0700	Amphiprion clarkii	not applicable	tail fin	male	2014-06-11	adult
APCL14_023_L0701	L0701	Amphiprion clarkii	not applicable	tail fin	female	2014-06-11	adult
APCL14_066_L0702	L0702	Amphiprion clarkii	not applicable	tail fin	not applicable	2014-06-13	juvenile
APCL14_070_L0703	L0703	Amphiprion clarkii	not applicable	tail fin	male	2014-06-13	adult
APCL14_073_L0704	L0704	Amphiprion clarkii	not applicable	tail fin	male	2014-06-13	adult
APCL14_074_L0705	L0705	Amphiprion clarkii	not applicable	tail fin	not applicable	2014-06-13	juvenile
APCL14_079_L0706	L0706	Amphiprion clarkii	not applicable	tail fin	not applicable	2014-06-13	juvenile
APCL14_080_L0707	L0707	Amphiprion clarkii	not applicable	tail fin	not applicable	2014-06-13	juvenile
APCL14_086_L0708	L0708	Amphiprion clarkii	not applicable	tail fin	not applicable	2014-06-13	juvenile
APCL14_112_L0709	L0709	Amphiprion clarkii	not applicable	tail fin	not applicable	2014-06-16	juvenile
APCL14_117_L0710	L0710	Amphiprion clarkii	not applicable	tail fin	male	2014-06-16	adult
APCL14_120_L0711	L0711	Amphiprion clarkii	not applicable	tail fin	female	2014-06-16	adult
APCL14_244_L0712	L0712	Amphiprion clarkii	not applicable	tail fin	male	2014-06-18	adult
APCL14_132_L0713	L0713	Amphiprion clarkii	not applicable	tail fin	not applicable	2014-06-16	juvenile
APCL14_142_L0714	L0714	Amphiprion clarkii	not applicable	tail fin	not applicable	2014-06-16	juvenile
APCL14_167_L0716	L0716	Amphiprion clarkii	not applicable	tail fin	not applicable	2014-06-17	juvenile
APCL14_189_L0717	L0717	Amphiprion clarkii	not applicable	tail fin	not applicable	2014-06-17	juvenile
APCL14_003_L0719	L0719	Amphiprion clarkii	not applicable	tail fin	female	2014-06-07	adult
APCL14_004_L0720	L0720	Amphiprion clarkii	not applicable	tail fin	male	2014-06-07	adult
APCL14_005_L0721	L0721	Amphiprion clarkii	not applicable	tail fin	female	2014-06-07	adult
APCL14_006_L0722	L0722	Amphiprion clarkii	not applicable	tail fin	male	2014-06-07	adult
APCL14_036_L0723	L0723	Amphiprion clarkii	not applicable	tail fin	female	2014-06-12	adult
APCL14_042_L0724	L0724	Amphiprion clarkii	not applicable	tail fin	female	2014-06-12	adult
APCL14_043_L0725	L0725	Amphiprion clarkii	not applicable	tail fin	male	2014-06-12	adult
APCL14_049_L0726	L0726	Amphiprion clarkii	not applicable	tail fin	not applicable	2014-06-12	juvenile
APCL14_050_L0727	L0727	Amphiprion clarkii	not applicable	tail fin	male	2014-06-12	adult
APCL14_140_L0728	L0728	Amphiprion clarkii	not applicable	tail fin	male	2014-06-16	adult
APCL14_149_L0729	L0729	Amphiprion clarkii	not applicable	tail fin	male	2014-06-16	adult
APCL14_153_L0730	L0730	Amphiprion clarkii	not applicable	tail fin	male	2014-06-16	adult
APCL14_168_L0731	L0731	Amphiprion clarkii	not applicable	tail fin	male	2014-06-17	adult
APCL14_169_L0732	L0732	Amphiprion clarkii	not applicable	tail fin	male	2014-06-17	adult
APCL14_176_L0733	L0733	Amphiprion clarkii	not applicable	tail fin	male	2014-06-17	adult
APCL14_181_L0734	L0734	Amphiprion clarkii	not applicable	tail fin	female	2014-06-17	adult
APCL14_223_L0735	L0735	Amphiprion clarkii	not applicable	tail fin	not applicable	2014-06-18	juvenile
APCL14_239_L0736	L0736	Amphiprion clarkii	not applicable	tail fin	female	2014-06-18	adult
APCL14_253_L0737	L0737	Amphiprion clarkii	not applicable	tail fin	male	2014-06-22	adult
APCL14_384_L0738	L0738	Amphiprion clarkii	not applicable	tail fin	male	2014-06-23	adult
APCL14_398_L0739	L0739	Amphiprion clarkii	not applicable	tail fin	male	2014-06-23	adult
APCL14_413_L0740	L0740	Amphiprion clarkii	not applicable	tail fin	male	2014-06-23	adult
APCL14_438_L0741	L0741	Amphiprion clarkii	not applicable	tail fin	male	2014-06-24	adult
APCL14_445_L0742	L0742	Amphiprion clarkii	not applicable	tail fin	not applicable	2014-06-24	juvenile
APCL14_446_L0743	L0743	Amphiprion clarkii	not applicable	tail fin	not applicable	2014-06-24	juvenile
APCL14_452_L0744	L0744	Amphiprion clarkii	not applicable	tail fin	male	2014-06-26	adult
APCL14_453_L0745	L0745	Amphiprion clarkii	not applicable	tail fin	not applicable	2014-06-26	juvenile
APCL14_546_L0747	L0747	Amphiprion clarkii	not applicable	tail fin	female	2014-07-02	adult
APCL13_620_L0748	L0748	Amphiprion clarkii	not applicable	tail fin	female	2013-06-04	adult
APCL14_046_L0749	L0749	Amphiprion clarkii	not applicable	tail fin	not applicable	2014-06-12	juvenile
APCL14_047_L0750	L0750	Amphiprion clarkii	not applicable	tail fin	female	2014-06-12	adult
APCL14_105_L0751	L0751	Amphiprion clarkii	not applicable	tail fin	female	2014-06-13	adult
APCL14_133_L0752	L0752	Amphiprion clarkii	not applicable	tail fin	not applicable	2014-06-16	juvenile
APCL14_170_L0753	L0753	Amphiprion clarkii	not applicable	tail fin	female	2014-06-17	adult
APCL14_171_L0754	L0754	Amphiprion clarkii	not applicable	tail fin	female	2014-06-17	adult
APCL14_237_L0755	L0755	Amphiprion clarkii	not applicable	tail fin	not applicable	2014-06-18	juvenile
APCL14_240_L0756	L0756	Amphiprion clarkii	not applicable	tail fin	female	2014-06-18	adult
APCL14_246_L0757	L0757	Amphiprion clarkii	not applicable	tail fin	not applicable	2014-06-18	juvenile
APCL14_402_L0758	L0758	Amphiprion clarkii	not applicable	tail fin	not applicable	2014-06-23	juvenile
APCL14_409_L0759	L0759	Amphiprion clarkii	not applicable	tail fin	not applicable	2014-06-23	juvenile
APCL14_412_L0760	L0760	Amphiprion clarkii	not applicable	tail fin	not applicable	2014-06-23	juvenile
APCL14_414_L0761	L0761	Amphiprion clarkii	not applicable	tail fin	not applicable	2014-06-23	juvenile
APCL14_418_L0762	L0762	Amphiprion clarkii	not applicable	tail fin	not applicable	2014-06-23	juvenile
APCL14_432_L0763	L0763	Amphiprion clarkii	not applicable	tail fin	not applicable	2014-06-24	juvenile
APCL14_455_L0764	L0764	Amphiprion clarkii	not applicable	tail fin	not applicable	2014-06-26	juvenile
APCL14_456_L0765	L0765	Amphiprion clarkii	not applicable	tail fin	male	2014-06-26	adult
APCL13_606_L0768	L0768	Amphiprion clarkii	not applicable	tail fin	male	2013-06-03	adult
APCL14_548_L0769	L0769	Amphiprion clarkii	not applicable	tail fin	male	2014-07-02	adult
APCL14_557_L0770	L0770	Amphiprion clarkii	not applicable	tail fin	male	2014-07-02	adult
APCL14_044_L0771	L0771	Amphiprion clarkii	not applicable	tail fin	male	2014-06-12	adult
APCL13_652_L0772	L0772	Amphiprion clarkii	not applicable	tail fin	female	2013-06-04	adult
APCL13_656_L0773	L0773	Amphiprion clarkii	not applicable	tail fin	not applicable	2013-06-04	juvenile
APCL13_660_L0774	L0774	Amphiprion clarkii	not applicable	tail fin	female	2013-06-04	adult
APCL14_020_L0775	L0775	Amphiprion clarkii	not applicable	tail fin	not applicable	2014-06-11	juvenile
APCL14_026_L0776	L0776	Amphiprion clarkii	not applicable	tail fin	not applicable	2014-06-11	juvenile
APCL14_039_L0777	L0777	Amphiprion clarkii	not applicable	tail fin	not applicable	2014-06-12	juvenile
APCL14_078_L0778	L0778	Amphiprion clarkii	not applicable	tail fin	male	2014-06-13	adult
APCL14_144_L0779	L0779	Amphiprion clarkii	not applicable	tail fin	not applicable	2014-06-16	juvenile
APCL14_145_L0780	L0780	Amphiprion clarkii	not applicable	tail fin	not applicable	2014-06-16	juvenile
APCL14_162_L0782	L0782	Amphiprion clarkii	not applicable	tail fin	not applicable	2014-06-17	juvenile
APCL14_182_L0783	L0783	Amphiprion clarkii	not applicable	tail fin	not applicable	2014-06-17	juvenile
APCL14_187_L0784	L0784	Amphiprion clarkii	not applicable	tail fin	not applicable	2014-06-17	juvenile
APCL14_190_L0785	L0785	Amphiprion clarkii	not applicable	tail fin	not applicable	2014-06-17	juvenile
APCL14_201_L0786	L0786	Amphiprion clarkii	not applicable	tail fin	male	2014-06-18	adult
APCL14_224_L0787	L0787	Amphiprion clarkii	not applicable	tail fin	not applicable	2014-06-18	juvenile
APCL14_226_L0788	L0788	Amphiprion clarkii	not applicable	tail fin	not applicable	2014-06-18	juvenile
APCL14_227_L0789	L0789	Amphiprion clarkii	not applicable	tail fin	not applicable	2014-06-18	juvenile
APCL14_229_L0790	L0790	Amphiprion clarkii	not applicable	tail fin	not applicable	2014-06-18	juvenile
APCL14_231_L0791	L0791	Amphiprion clarkii	not applicable	tail fin	not applicable	2014-06-18	juvenile
APCL14_242_L0792	L0792	Amphiprion clarkii	not applicable	tail fin	not applicable	2014-06-18	juvenile
APCL14_251_L0793	L0793	Amphiprion clarkii	not applicable	tail fin	not applicable	2014-06-22	juvenile
APCL14_346_L0794	L0794	Amphiprion clarkii	not applicable	tail fin	not applicable	2014-06-24	juvenile
APCL14_385_L0795	L0795	Amphiprion clarkii	not applicable	tail fin	not applicable	2014-06-23	juvenile
APCL14_394_L0796	L0796	Amphiprion clarkii	not applicable	tail fin	not applicable	2014-06-23	juvenile
APCL14_395_L0797	L0797	Amphiprion clarkii	not applicable	tail fin	not applicable	2014-06-23	juvenile
APCL14_423_L0798	L0798	Amphiprion clarkii	not applicable	tail fin	not applicable	2014-06-24	juvenile
APCL14_424_L0799	L0799	Amphiprion clarkii	not applicable	tail fin	not applicable	2014-06-24	juvenile
APCL14_407_L0800	L0800	Amphiprion clarkii	not applicable	tail fin	not applicable	2014-06-23	juvenile
APCL14_408_L0801	L0801	Amphiprion clarkii	not applicable	tail fin	not applicable	2014-06-23	juvenile
APCL14_410_L0802	L0802	Amphiprion clarkii	not applicable	tail fin	not applicable	2014-06-23	juvenile
APCL14_417_L0803	L0803	Amphiprion clarkii	not applicable	tail fin	not applicable	2014-06-23	juvenile
APCL14_420_L0804	L0804	Amphiprion clarkii	not applicable	tail fin	not applicable	2014-06-23	juvenile
APCL14_389_L0805	L0805	Amphiprion clarkii	not applicable	tail fin	not applicable	2014-06-23	juvenile
APCL14_307_L0806	L0806	Amphiprion clarkii	not applicable	tail fin	not applicable	2014-06-22	juvenile
APCL14_303_L0807	L0807	Amphiprion clarkii	not applicable	tail fin	not applicable	2014-06-22	juvenile
APCL14_302_L0808	L0808	Amphiprion clarkii	not applicable	tail fin	not applicable	2014-06-22	juvenile
APCL14_311_L0809	L0809	Amphiprion clarkii	not applicable	tail fin	not applicable	2014-06-22	juvenile
APCL14_345_L0810	L0810	Amphiprion clarkii	not applicable	tail fin	not applicable	2014-06-24	juvenile
APCL14_540_L0812	L0812	Amphiprion clarkii	not applicable	tail fin	not applicable	2014-07-01	juvenile
APCL14_542_L0813	L0813	Amphiprion clarkii	not applicable	tail fin	not applicable	2014-07-02	juvenile
APCL14_550_L0814	L0814	Amphiprion clarkii	not applicable	tail fin	female	2014-07-02	adult
APCL14_443_L0815	L0815	Amphiprion clarkii	not applicable	tail fin	not applicable	2014-06-24	juvenile
APCL14_247_L0816	L0816	Amphiprion clarkii	not applicable	tail fin	female	2014-06-22	adult
APCL14_248_L0817	L0817	Amphiprion clarkii	not applicable	tail fin	male	2014-06-22	adult
APCL14_261_L0818	L0818	Amphiprion clarkii	not applicable	tail fin	male	2014-06-22	adult
APCL14_325_L0819	L0819	Amphiprion clarkii	not applicable	tail fin	not applicable	2014-06-24	juvenile
APCL14_331_L0820	L0820	Amphiprion clarkii	not applicable	tail fin	not applicable	2014-06-24	juvenile
APCL14_339_L0821	L0821	Amphiprion clarkii	not applicable	tail fin	not applicable	2014-06-24	juvenile
APCL14_357_L0822	L0822	Amphiprion clarkii	not applicable	tail fin	female	2014-06-23	adult
APCL14_359_L0823	L0823	Amphiprion clarkii	not applicable	tail fin	not applicable	2014-06-23	juvenile
APCL14_382_L0825	L0825	Amphiprion clarkii	not applicable	tail fin	not applicable	2014-06-23	juvenile
APCL14_421_L0826	L0826	Amphiprion clarkii	not applicable	tail fin	not applicable	2014-06-24	juvenile
APCL14_437_L0827	L0827	Amphiprion clarkii	not applicable	tail fin	not applicable	2014-06-24	juvenile
APCL13_437_L0844	L0844	Amphiprion clarkii	not applicable	tail fin	male	2013-05-31	adult
APCL13_441_L0845	L0845	Amphiprion clarkii	not applicable	tail fin	female	2013-05-31	adult
APCL13_447_L0846	L0846	Amphiprion clarkii	not applicable	tail fin	not applicable	2013-05-31	juvenile
APCL13_464_L0847	L0847	Amphiprion clarkii	not applicable	tail fin	not applicable	2013-05-31	juvenile
APCL13_476_L0852	L0852	Amphiprion clarkii	not applicable	tail fin	not applicable	2013-05-31	juvenile
APCL13_478_L0853	L0853	Amphiprion clarkii	not applicable	tail fin	male	2013-05-31	adult
APCL13_479_L0854	L0854	Amphiprion clarkii	not applicable	tail fin	not applicable	2013-05-31	juvenile
APCL13_480_L0855	L0855	Amphiprion clarkii	not applicable	tail fin	not applicable	2013-05-31	juvenile
APCL13_492_L0857	L0857	Amphiprion clarkii	not applicable	tail fin	male	2013-05-31	adult
APCL13_518_L0858	L0858	Amphiprion clarkii	not applicable	tail fin	not applicable	2013-06-02	juvenile
APCL13_522_L0859	L0859	Amphiprion clarkii	not applicable	tail fin	not applicable	2013-06-02	juvenile
APCL13_524_L0860	L0860	Amphiprion clarkii	not applicable	tail fin	male	2013-06-02	adult
APCL13_527_L0861	L0861	Amphiprion clarkii	not applicable	tail fin	not applicable	2013-06-02	juvenile
APCL13_533_L0862	L0862	Amphiprion clarkii	not applicable	tail fin	not applicable	2013-06-02	juvenile
APCL13_536_L0863	L0863	Amphiprion clarkii	not applicable	tail fin	not applicable	2013-06-02	juvenile
APCL13_539_L0864	L0864	Amphiprion clarkii	not applicable	tail fin	not applicable	2013-06-02	juvenile
APCL13_541_L0865	L0865	Amphiprion clarkii	not applicable	tail fin	not applicable	2013-06-02	juvenile
APCL13_542_L0866	L0866	Amphiprion clarkii	not applicable	tail fin	male	2013-06-02	adult
APCL13_543_L0867	L0867	Amphiprion clarkii	not applicable	tail fin	not applicable	2013-06-02	juvenile
APCL13_550_L0869	L0869	Amphiprion clarkii	not applicable	tail fin	not applicable	2013-06-02	juvenile
APCL13_556_L0870	L0870	Amphiprion clarkii	not applicable	tail fin	not applicable	2013-06-03	juvenile
APCL13_560_L0871	L0871	Amphiprion clarkii	not applicable	tail fin	male	2013-06-03	adult
APCL13_562_L0872	L0872	Amphiprion clarkii	not applicable	tail fin	female	2013-06-03	adult
APCL13_563_L0873	L0873	Amphiprion clarkii	not applicable	tail fin	not applicable	2013-06-03	juvenile
APCL13_572_L0874	L0874	Amphiprion clarkii	not applicable	tail fin	not applicable	2013-06-03	juvenile
APCL13_574_L0875	L0875	Amphiprion clarkii	not applicable	tail fin	not applicable	2013-06-03	juvenile
APCL13_581_L0876	L0876	Amphiprion clarkii	not applicable	tail fin	not applicable	2013-06-03	juvenile
APCL13_588_L0878	L0878	Amphiprion clarkii	not applicable	tail fin	male	2013-06-03	adult
APCL13_589_L0879	L0879	Amphiprion clarkii	not applicable	tail fin	female	2013-06-03	adult
APCL13_540_L0880	L0880	Amphiprion clarkii	not applicable	tail fin	female	2013-06-02	adult
APCL13_603_L0882	L0882	Amphiprion clarkii	not applicable	tail fin	male	2013-06-03	adult
APCL13_612_L0883	L0883	Amphiprion clarkii	not applicable	tail fin	not applicable	2013-06-04	juvenile
APCL13_615_L0884	L0884	Amphiprion clarkii	not applicable	tail fin	not applicable	2013-06-04	juvenile
APCL13_616_L0885	L0885	Amphiprion clarkii	not applicable	tail fin	not applicable	2013-06-04	juvenile
APCL13_618_L0886	L0886	Amphiprion clarkii	not applicable	tail fin	male	2013-06-04	adult
APCL13_624_L0887	L0887	Amphiprion clarkii	not applicable	tail fin	not applicable	2013-06-04	juvenile
APCL13_636_L0888	L0888	Amphiprion clarkii	not applicable	tail fin	not applicable	2013-06-04	juvenile
APCL13_638_L0889	L0889	Amphiprion clarkii	not applicable	tail fin	not applicable	2013-06-04	juvenile
APCL13_644_L0890	L0890	Amphiprion clarkii	not applicable	tail fin	female	2013-06-04	adult
APCL13_649_L0891	L0891	Amphiprion clarkii	not applicable	tail fin	not applicable	2013-06-04	juvenile
APCL14_002_L0892	L0892	Amphiprion clarkii	not applicable	tail fin	not applicable	2014-06-07	juvenile
APCL14_017_L0893	L0893	Amphiprion clarkii	not applicable	tail fin	male	2014-06-10	adult
APCL14_064_L0894	L0894	Amphiprion clarkii	not applicable	tail fin	not applicable	2014-06-13	juvenile
APCL14_065_L0895	L0895	Amphiprion clarkii	not applicable	tail fin	not applicable	2014-06-13	juvenile
APCL14_067_L0896	L0896	Amphiprion clarkii	not applicable	tail fin	not applicable	2014-06-13	juvenile
APCL14_071_L0897	L0897	Amphiprion clarkii	not applicable	tail fin	not applicable	2014-06-13	juvenile
APCL14_075_L0898	L0898	Amphiprion clarkii	not applicable	tail fin	not applicable	2014-06-13	juvenile
APCL14_076_L0899	L0899	Amphiprion clarkii	not applicable	tail fin	not applicable	2014-06-13	juvenile
APCL14_077_L0900	L0900	Amphiprion clarkii	not applicable	tail fin	not applicable	2014-06-13	juvenile
APCL14_110_L0901	L0901	Amphiprion clarkii	not applicable	tail fin	female	2014-06-16	adult
APCL14_111_L0902	L0902	Amphiprion clarkii	not applicable	tail fin	male	2014-06-16	adult
APCL14_114_L0903	L0903	Amphiprion clarkii	not applicable	tail fin	not applicable	2014-06-16	juvenile
APCL14_115_L0904	L0904	Amphiprion clarkii	not applicable	tail fin	male	2014-06-16	adult
APCL14_123_L0905	L0905	Amphiprion clarkii	not applicable	tail fin	female	2014-06-16	adult
APCL14_129_L0906	L0906	Amphiprion clarkii	not applicable	tail fin	not applicable	2014-06-16	juvenile
APCL14_143_L0907	L0907	Amphiprion clarkii	not applicable	tail fin	not applicable	2014-06-16	juvenile
APCL14_166_L0912	L0912	Amphiprion clarkii	not applicable	tail fin	not applicable	2014-06-17	juvenile
APCL14_175_L0913	L0913	Amphiprion clarkii	not applicable	tail fin	male	2014-06-17	adult
APCL14_183_L0914	L0914	Amphiprion clarkii	not applicable	tail fin	not applicable	2014-06-17	juvenile
APCL14_200_L0915	L0915	Amphiprion clarkii	not applicable	tail fin	not applicable	2014-06-18	juvenile
APCL14_208_L0916	L0916	Amphiprion clarkii	not applicable	tail fin	not applicable	2014-06-18	juvenile
APCL14_209_L0917	L0917	Amphiprion clarkii	not applicable	tail fin	not applicable	2014-06-18	juvenile
APCL14_040_L0918	L0918	Amphiprion clarkii	not applicable	tail fin	female	2014-06-12	adult
APCL14_041_L0919	L0919	Amphiprion clarkii	not applicable	tail fin	male	2014-06-12	adult
APCL14_052_L0920	L0920	Amphiprion clarkii	not applicable	tail fin	male	2014-06-12	adult
APCL14_060_L0921	L0921	Amphiprion clarkii	not applicable	tail fin	female	2014-06-12	adult
APCL14_088_L0922	L0922	Amphiprion clarkii	not applicable	tail fin	female	2014-06-13	adult
APCL14_095_L0923	L0923	Amphiprion clarkii	not applicable	tail fin	male	2014-06-13	adult
APCL14_098_L0924	L0924	Amphiprion clarkii	not applicable	tail fin	female	2014-06-13	adult
APCL14_101_L0925	L0925	Amphiprion clarkii	not applicable	tail fin	not applicable	2014-06-13	juvenile
APCL14_135_L0926	L0926	Amphiprion clarkii	not applicable	tail fin	female	2014-06-16	adult
APCL14_141_L0927	L0927	Amphiprion clarkii	not applicable	tail fin	male	2014-06-16	adult
APCL14_185_L0928	L0928	Amphiprion clarkii	not applicable	tail fin	not applicable	2014-06-17	juvenile
APCL14_193_L0929	L0929	Amphiprion clarkii	not applicable	tail fin	not applicable	2014-06-17	juvenile
APCL14_204_L0930	L0930	Amphiprion clarkii	not applicable	tail fin	female	2014-06-18	adult
APCL14_220_L0931	L0931	Amphiprion clarkii	not applicable	tail fin	not applicable	2014-06-18	juvenile
APCL14_221_L0932	L0932	Amphiprion clarkii	not applicable	tail fin	male	2014-06-18	adult
APCL14_255_L0933	L0933	Amphiprion clarkii	not applicable	tail fin	male	2014-06-22	adult
APCL14_383_L0934	L0934	Amphiprion clarkii	not applicable	tail fin	not applicable	2014-06-23	juvenile
APCL14_391_L0935	L0935	Amphiprion clarkii	not applicable	tail fin	male	2014-06-23	adult
APCL14_450_L0936	L0936	Amphiprion clarkii	not applicable	tail fin	not applicable	2014-06-24	juvenile
APCL14_461_L0937	L0937	Amphiprion clarkii	not applicable	tail fin	not applicable	2014-06-26	juvenile
APCL14_556_L0942	L0942	Amphiprion clarkii	not applicable	tail fin	male	2014-07-02	adult
APCL13_635_L0943	L0943	Amphiprion clarkii	not applicable	tail fin	female	2013-06-04	adult
APCL13_658_L0944	L0944	Amphiprion clarkii	not applicable	tail fin	male	2013-06-04	adult
APCL14_007_L0945	L0945	Amphiprion clarkii	not applicable	tail fin	female	2014-06-07	adult
APCL14_015_L0946	L0946	Amphiprion clarkii	not applicable	tail fin	female	2014-06-10	adult
APCL14_032_L0947	L0947	Amphiprion clarkii	not applicable	tail fin	male	2014-06-12	adult
APCL14_045_L0948	L0948	Amphiprion clarkii	not applicable	tail fin	not applicable	2014-06-12	juvenile
APCL14_053_L0949	L0949	Amphiprion clarkii	not applicable	tail fin	not applicable	2014-06-12	juvenile
APCL14_056_L0950	L0950	Amphiprion clarkii	not applicable	tail fin	female	2014-06-12	adult
APCL14_057_L0951	L0951	Amphiprion clarkii	not applicable	tail fin	female	2014-06-12	adult
APCL14_061_L0952	L0952	Amphiprion clarkii	not applicable	tail fin	not applicable	2014-06-12	juvenile
APCL14_063_L0953	L0953	Amphiprion clarkii	not applicable	tail fin	not applicable	2014-06-12	juvenile
APCL14_134_L0954	L0954	Amphiprion clarkii	not applicable	tail fin	not applicable	2014-06-16	juvenile
APCL14_152_L0955	L0955	Amphiprion clarkii	not applicable	tail fin	not applicable	2014-06-16	juvenile
APCL14_160_L0956	L0956	Amphiprion clarkii	not applicable	tail fin	not applicable	2014-06-17	juvenile
APCL14_165_L0957	L0957	Amphiprion clarkii	not applicable	tail fin	male	2014-06-17	adult
APCL14_194_L0958	L0958	Amphiprion clarkii	not applicable	tail fin	not applicable	2014-06-17	juvenile
APCL14_210_L0959	L0959	Amphiprion clarkii	not applicable	tail fin	not applicable	2014-06-18	juvenile
APCL14_218_L0960	L0960	Amphiprion clarkii	not applicable	tail fin	not applicable	2014-06-18	juvenile
APCL14_236_L0961	L0961	Amphiprion clarkii	not applicable	tail fin	not applicable	2014-06-18	juvenile
APCL14_386_L0962	L0962	Amphiprion clarkii	not applicable	tail fin	not applicable	2014-06-23	juvenile
APCL14_403_L0963	L0963	Amphiprion clarkii	not applicable	tail fin	not applicable	2014-06-23	juvenile
APCL14_404_L0964	L0964	Amphiprion clarkii	not applicable	tail fin	not applicable	2014-06-23	juvenile
APCL14_411_L0965	L0965	Amphiprion clarkii	not applicable	tail fin	not applicable	2014-06-23	juvenile
APCL14_458_L0967	L0967	Amphiprion clarkii	not applicable	tail fin	male	2014-06-26	adult
APCL14_543_L0973	L0973	Amphiprion clarkii	not applicable	tail fin	male	2014-07-02	adult
APCL14_555_L0974	L0974	Amphiprion clarkii	not applicable	tail fin	not applicable	2014-07-02	juvenile
APCL13_613_L0975	L0975	Amphiprion clarkii	not applicable	tail fin	female	2013-06-04	adult
APCL13_629_L0976	L0976	Amphiprion clarkii	not applicable	tail fin	not applicable	2013-06-04	juvenile
APCL13_631_L0977	L0977	Amphiprion clarkii	not applicable	tail fin	male	2013-06-04	adult
APCL13_634_L0978	L0978	Amphiprion clarkii	not applicable	tail fin	male	2013-06-04	adult
APCL13_651_L0979	L0979	Amphiprion clarkii	not applicable	tail fin	male	2013-06-04	adult
APCL13_651_L0980	L0980	Amphiprion clarkii	not applicable	tail fin	male	2013-06-04	adult
APCL13_666_L0981	L0981	Amphiprion clarkii	not applicable	tail fin	not applicable	2013-06-04	juvenile
APCL13_667_L0982	L0982	Amphiprion clarkii	not applicable	tail fin	not applicable	2013-06-04	juvenile
APCL14_001_L0983	L0983	Amphiprion clarkii	not applicable	tail fin	not applicable	2014-06-07	juvenile
APCL14_014_L0984	L0984	Amphiprion clarkii	not applicable	tail fin	female	2014-06-10	adult
APCL14_048_L0985	L0985	Amphiprion clarkii	not applicable	tail fin	not applicable	2014-06-12	juvenile
APCL14_058_L0986	L0986	Amphiprion clarkii	not applicable	tail fin	not applicable	2014-06-12	juvenile
APCL14_068_L0987	L0987	Amphiprion clarkii	not applicable	tail fin	male	2014-06-13	adult
APCL14_103_L0988	L0988	Amphiprion clarkii	not applicable	tail fin	not applicable	2014-06-13	juvenile
APCL14_107_L0989	L0989	Amphiprion clarkii	not applicable	tail fin	not applicable	2014-06-13	juvenile
APCL14_121_L0990	L0990	Amphiprion clarkii	not applicable	tail fin	male	2014-06-16	adult
APCL14_127_L0991	L0991	Amphiprion clarkii	not applicable	tail fin	not applicable	2014-06-16	juvenile
APCL14_147_L0992	L0992	Amphiprion clarkii	not applicable	tail fin	female	2014-06-16	adult
APCL14_188_L0993	L0993	Amphiprion clarkii	not applicable	tail fin	not applicable	2014-06-17	juvenile
APCL14_206_L0995	L0995	Amphiprion clarkii	not applicable	tail fin	not applicable	2014-06-18	juvenile
APCL14_207_L0996	L0996	Amphiprion clarkii	not applicable	tail fin	not applicable	2014-06-18	juvenile
APCL14_228_L0997	L0997	Amphiprion clarkii	not applicable	tail fin	not applicable	2014-06-18	juvenile
APCL14_230_L0998	L0998	Amphiprion clarkii	not applicable	tail fin	not applicable	2014-06-18	juvenile
APCL14_232_L0999	L0999	Amphiprion clarkii	not applicable	tail fin	not applicable	2014-06-18	juvenile
APCL14_234_L1000	L1000	Amphiprion clarkii	not applicable	tail fin	not applicable	2014-06-18	juvenile
APCL14_235_L1001	L1001	Amphiprion clarkii	not applicable	tail fin	male	2014-06-18	adult
APCL14_238_L1002	L1002	Amphiprion clarkii	not applicable	tail fin	not applicable	2014-06-18	juvenile
APCL14_396_L1003	L1003	Amphiprion clarkii	not applicable	tail fin	not applicable	2014-06-23	juvenile
APCL14_397_L1004	L1004	Amphiprion clarkii	not applicable	tail fin	not applicable	2014-06-23	juvenile
APCL14_425_L1005	L1005	Amphiprion clarkii	not applicable	tail fin	not applicable	2014-06-24	juvenile
APCL14_419_L1007	L1007	Amphiprion clarkii	not applicable	tail fin	not applicable	2014-06-23	juvenile
APCL14_431_L1009	L1009	Amphiprion clarkii	not applicable	tail fin	not applicable	2014-06-24	juvenile
APCL14_268_L1013	L1013	Amphiprion clarkii	not applicable	tail fin	female	2014-06-22	adult
APCL14_295_L1014	L1014	Amphiprion clarkii	not applicable	tail fin	not applicable	2014-06-22	juvenile
APCL14_296_L1015	L1015	Amphiprion clarkii	not applicable	tail fin	not applicable	2014-06-22	juvenile
APCL14_298_L1016	L1016	Amphiprion clarkii	not applicable	tail fin	female	2014-06-22	adult
APCL14_277_L1017	L1017	Amphiprion clarkii	not applicable	tail fin	not applicable	2014-06-22	juvenile
APCL14_307_L1018	L1018	Amphiprion clarkii	not applicable	tail fin	not applicable	2014-06-22	juvenile
APCL14_347_L1019	L1019	Amphiprion clarkii	not applicable	tail fin	not applicable	2014-06-24	juvenile
APCL14_422_L1020	L1020	Amphiprion clarkii	not applicable	tail fin	not applicable	2014-06-24	juvenile
APCL14_428_L1021	L1021	Amphiprion clarkii	not applicable	tail fin	not applicable	2014-06-24	juvenile
APCL14_435_L1022	L1022	Amphiprion clarkii	not applicable	tail fin	not applicable	2014-06-24	juvenile
APCL13_102_L1071	L1071	Amphiprion clarkii	not applicable	tail fin	male	2013-05-25	adult
APCL13_103_L1072	L1072	Amphiprion clarkii	not applicable	tail fin	female	2013-05-25	adult
APCL13_104_L1073	L1073	Amphiprion clarkii	not applicable	tail fin	not applicable	2013-05-25	juvenile
APCL13_105_L1074	L1074	Amphiprion clarkii	not applicable	tail fin	not applicable	2013-05-25	juvenile
APCL13_106_L1075	L1075	Amphiprion clarkii	not applicable	tail fin	not applicable	2013-05-25	juvenile
APCL13_107_L1076	L1076	Amphiprion clarkii	not applicable	tail fin	not applicable	2013-05-25	juvenile
APCL13_108_L1077	L1077	Amphiprion clarkii	not applicable	tail fin	not applicable	2013-05-25	juvenile
APCL13_110_L1078	L1078	Amphiprion clarkii	not applicable	tail fin	not applicable	2013-05-25	juvenile
APCL13_112_L1079	L1079	Amphiprion clarkii	not applicable	tail fin	not applicable	2013-05-25	juvenile
APCL13_184_L1080	L1080	Amphiprion clarkii	not applicable	tail fin	not applicable	2013-05-26	juvenile
APCL13_114_L1081	L1081	Amphiprion clarkii	not applicable	tail fin	female	2013-05-25	adult
APCL13_115_L1082	L1082	Amphiprion clarkii	not applicable	tail fin	not applicable	2013-05-25	juvenile
APCL13_117_L1083	L1083	Amphiprion clarkii	not applicable	tail fin	not applicable	2013-05-25	juvenile
APCL13_120_L1084	L1084	Amphiprion clarkii	not applicable	tail fin	male	2013-05-25	adult
APCL13_121_L1085	L1085	Amphiprion clarkii	not applicable	tail fin	female	2013-05-25	adult
APCL13_124_L1087	L1087	Amphiprion clarkii	not applicable	tail fin	not applicable	2013-05-25	juvenile
APCL13_125_L1088	L1088	Amphiprion clarkii	not applicable	tail fin	not applicable	2013-05-25	juvenile
APCL13_126_L1089	L1089	Amphiprion clarkii	not applicable	tail fin	male	2013-05-25	adult
APCL13_127_L1090	L1090	Amphiprion clarkii	not applicable	tail fin	female	2013-05-25	adult
APCL13_128_L1091	L1091	Amphiprion clarkii	not applicable	tail fin	not applicable	2013-05-25	juvenile
APCL13_131_L1092	L1092	Amphiprion clarkii	not applicable	tail fin	male	2013-05-25	adult
APCL13_132_L1093	L1093	Amphiprion clarkii	not applicable	tail fin	male	2013-05-26	adult
APCL13_133_L1094	L1094	Amphiprion clarkii	not applicable	tail fin	not applicable	2013-05-26	juvenile
APCL13_134_L1095	L1095	Amphiprion clarkii	not applicable	tail fin	not applicable	2013-05-26	juvenile
APCL13_135_L1096	L1096	Amphiprion clarkii	not applicable	tail fin	female	2013-05-26	adult
APCL13_144_L1097	L1097	Amphiprion clarkii	not applicable	tail fin	male	2013-05-26	adult
APCL13_146_L1099	L1099	Amphiprion clarkii	not applicable	tail fin	not applicable	2013-05-26	juvenile
APCL13_149_L1100	L1100	Amphiprion clarkii	not applicable	tail fin	male	2013-05-26	adult
APCL13_150_L1101	L1101	Amphiprion clarkii	not applicable	tail fin	not applicable	2013-05-26	juvenile
APCL13_152_L1102	L1102	Amphiprion clarkii	not applicable	tail fin	not applicable	2013-05-26	juvenile
APCL13_155_L1103	L1103	Amphiprion clarkii	not applicable	tail fin	not applicable	2013-05-26	juvenile
APCL13_157_L1104	L1104	Amphiprion clarkii	not applicable	tail fin	not applicable	2013-05-26	juvenile
APCL13_158_L1105	L1105	Amphiprion clarkii	not applicable	tail fin	male	2013-05-26	adult
APCL13_160_L1107	L1107	Amphiprion clarkii	not applicable	tail fin	female	2013-05-26	adult
APCL13_161_L1108	L1108	Amphiprion clarkii	not applicable	tail fin	female	2013-05-26	adult
APCL13_162_L1109	L1109	Amphiprion clarkii	not applicable	tail fin	female	2013-05-26	adult
APCL13_165_L1110	L1110	Amphiprion clarkii	not applicable	tail fin	not applicable	2013-05-26	juvenile
APCL13_166_L1111	L1111	Amphiprion clarkii	not applicable	tail fin	not applicable	2013-05-26	juvenile
APCL13_167_L1112	L1112	Amphiprion clarkii	not applicable	tail fin	not applicable	2013-05-26	juvenile
APCL13_168_L1113	L1113	Amphiprion clarkii	not applicable	tail fin	not applicable	2013-05-26	juvenile
APCL13_169_L1114	L1114	Amphiprion clarkii	not applicable	tail fin	female	2013-05-26	adult
APCL13_170_L1115	L1115	Amphiprion clarkii	not applicable	tail fin	male	2013-05-26	adult
APCL13_171_L1116	L1116	Amphiprion clarkii	not applicable	tail fin	not applicable	2013-05-26	juvenile
APCL13_172_L1117	L1117	Amphiprion clarkii	not applicable	tail fin	not applicable	2013-05-26	juvenile
APCL13_173_L1118	L1118	Amphiprion clarkii	not applicable	tail fin	not applicable	2013-05-26	juvenile
APCL14_173_L1167	L1167	Amphiprion clarkii	not applicable	tail fin	not applicable	2014-06-17	juvenile
APCL14_272_L1168	L1168	Amphiprion clarkii	not applicable	tail fin	male	2014-06-22	adult
APCL14_415_L1172	L1172	Amphiprion clarkii	not applicable	tail fin	female	2014-06-23	adult
APCL13_592_L1181	L1181	Amphiprion clarkii	not applicable	tail fin	female	2013-06-03	adult
APCL14_263_L1182	L1182	Amphiprion clarkii	not applicable	tail fin	male	2014-06-22	adult
APCL14_222_L1183	L1183	Amphiprion clarkii	not applicable	tail fin	male	2014-06-18	adult
APCL14_265_L1184	L1184	Amphiprion clarkii	not applicable	tail fin	female	2014-06-22	adult
APCL14_267_L1185	L1185	Amphiprion clarkii	not applicable	tail fin	male	2014-06-22	adult
APCL14_275_L1186	L1186	Amphiprion clarkii	not applicable	tail fin	male	2014-06-22	adult
APCL14_172_L1187	L1187	Amphiprion clarkii	not applicable	tail fin	male	2014-06-17	adult
APCL14_288_L1188	L1188	Amphiprion clarkii	not applicable	tail fin	male	2014-06-22	adult
APCL14_297_L1189	L1189	Amphiprion clarkii	not applicable	tail fin	not applicable	2014-06-22	juvenile
APCL14_322_L1190	L1190	Amphiprion clarkii	not applicable	tail fin	female	2014-06-22	adult
APCL14_259_L1191	L1191	Amphiprion clarkii	not applicable	tail fin	female	2014-06-22	adult
APCL14_262_L1192	L1192	Amphiprion clarkii	not applicable	tail fin	not applicable	2014-06-22	juvenile
APCL14_264_L1193	L1193	Amphiprion clarkii	not applicable	tail fin	not applicable	2014-06-22	juvenile
APCL14_274_L1194	L1194	Amphiprion clarkii	not applicable	tail fin	not applicable	2014-06-22	juvenile
APCL14_276_L1195	L1195	Amphiprion clarkii	not applicable	tail fin	male	2014-06-22	adult
APCL14_278_L1196	L1196	Amphiprion clarkii	not applicable	tail fin	not applicable	2014-06-22	juvenile
APCL14_279_L1197	L1197	Amphiprion clarkii	not applicable	tail fin	male	2014-06-22	adult
APCL14_280_L1198	L1198	Amphiprion clarkii	not applicable	tail fin	male	2014-06-22	adult
APCL14_281_L1199	L1199	Amphiprion clarkii	not applicable	tail fin	male	2014-06-22	adult
APCL14_282_L1200	L1200	Amphiprion clarkii	not applicable	tail fin	female	2014-06-22	adult
APCL14_283_L1201	L1201	Amphiprion clarkii	not applicable	tail fin	male	2014-06-22	adult
APCL14_284_L1202	L1202	Amphiprion clarkii	not applicable	tail fin	not applicable	2014-06-22	juvenile
APCL14_285_L1203	L1203	Amphiprion clarkii	not applicable	tail fin	male	2014-06-22	adult
APCL14_286_L1204	L1204	Amphiprion clarkii	not applicable	tail fin	male	2014-06-22	adult
APCL14_287_L1205	L1205	Amphiprion clarkii	not applicable	tail fin	female	2014-06-22	adult
APCL14_289_L1206	L1206	Amphiprion clarkii	not applicable	tail fin	female	2014-06-22	adult
APCL13_630_L1209	L1209	Amphiprion clarkii	not applicable	tail fin	male	2013-06-04	adult
APCL13_632_L1210	L1210	Amphiprion clarkii	not applicable	tail fin	not applicable	2013-06-04	juvenile
APCL13_211_L1215	L1215	Amphiprion clarkii	not applicable	tail fin	female	2013-05-27	adult
APCL13_555_L1217	L1217	Amphiprion clarkii	not applicable	tail fin	female	2013-06-02	adult
APCL13_557_L1218	L1218	Amphiprion clarkii	not applicable	tail fin	male	2013-06-03	adult
APCL13_559_L1219	L1219	Amphiprion clarkii	not applicable	tail fin	female	2013-06-03	adult
APCL13_575_L1220	L1220	Amphiprion clarkii	not applicable	tail fin	not applicable	2013-06-03	juvenile
APCL13_579_L1221	L1221	Amphiprion clarkii	not applicable	tail fin	female	2013-06-03	adult
APCL13_596_L1222	L1222	Amphiprion clarkii	not applicable	tail fin	male	2013-06-03	adult
APCL13_598_L1223	L1223	Amphiprion clarkii	not applicable	tail fin	female	2013-06-03	adult
APCL13_599_L1224	L1224	Amphiprion clarkii	not applicable	tail fin	female	2013-06-03	adult
APCL13_602_L1225	L1225	Amphiprion clarkii	not applicable	tail fin	male	2013-06-03	adult
APCL13_637_L1226	L1226	Amphiprion clarkii	not applicable	tail fin	not applicable	2013-06-04	juvenile
APCL14_011_L1227	L1227	Amphiprion clarkii	not applicable	tail fin	male	2014-06-10	adult
APCL14_024_L1228	L1228	Amphiprion clarkii	not applicable	tail fin	not applicable	2014-06-11	juvenile
APCL14_025_L1229	L1229	Amphiprion clarkii	not applicable	tail fin	not applicable	2014-06-11	juvenile
APCL14_027_L1230	L1230	Amphiprion clarkii	not applicable	tail fin	not applicable	2014-06-11	juvenile
APCL13_640_L1231	L1231	Amphiprion clarkii	not applicable	tail fin	female	2013-06-04	adult
APCL14_055_L1232	L1232	Amphiprion clarkii	not applicable	tail fin	female	2014-06-12	adult
APCL14_097_L1233	L1233	Amphiprion clarkii	not applicable	tail fin	female	2014-06-13	adult
APCL14_184_L1234	L1234	Amphiprion clarkii	not applicable	tail fin	male	2014-06-17	adult
APCL14_256_L1235	L1235	Amphiprion clarkii	not applicable	tail fin	female	2014-06-22	adult
APCL14_416_L1237	L1237	Amphiprion clarkii	not applicable	tail fin	male	2014-06-23	adult
APCL14_448_L1239	L1239	Amphiprion clarkii	not applicable	tail fin	male	2014-06-24	adult
APCL14_451_L1240	L1240	Amphiprion clarkii	not applicable	tail fin	female	2014-06-24	adult
APCL14_035_L1242	L1242	Amphiprion clarkii	not applicable	tail fin	male	2014-06-12	adult
APCL14_038_L1243	L1243	Amphiprion clarkii	not applicable	tail fin	not applicable	2014-06-12	juvenile
APCL14_241_L1244	L1244	Amphiprion clarkii	not applicable	tail fin	not applicable	2014-06-18	juvenile
APCL14_249_L1245	L1245	Amphiprion clarkii	not applicable	tail fin	male	2014-06-22	adult
APCL14_254_L1246	L1246	Amphiprion clarkii	not applicable	tail fin	male	2014-06-22	adult
APCL14_554_L1247	L1247	Amphiprion clarkii	not applicable	tail fin	male	2014-07-02	adult
APCL13_641_L1248	L1248	Amphiprion clarkii	not applicable	tail fin	not applicable	2013-06-04	juvenile
APCL13_648_L1249	L1249	Amphiprion clarkii	not applicable	tail fin	not applicable	2013-06-04	juvenile
APCL13_665_L1250	L1250	Amphiprion clarkii	not applicable	tail fin	female	2013-06-04	adult
APCL14_028_L1253	L1253	Amphiprion clarkii	not applicable	tail fin	not applicable	2014-06-11	juvenile
APCL14_426_L1254	L1254	Amphiprion clarkii	not applicable	tail fin	not applicable	2014-06-24	juvenile
APCL13_113_L1258	L1258	Amphiprion clarkii	not applicable	tail fin	not applicable	2013-05-25	juvenile
APCL13_174_L1260	L1260	Amphiprion clarkii	not applicable	tail fin	not applicable	2013-05-26	juvenile
APCL13_465_L1261	L1261	Amphiprion clarkii	not applicable	tail fin	male	2013-05-31	adult
APCL13_477_L1263	L1263	Amphiprion clarkii	not applicable	tail fin	not applicable	2013-05-31	juvenile
APCL13_462_L1268	L1268	Amphiprion clarkii	not applicable	tail fin	male	2013-05-31	adult
APCL13_468_L1269	L1269	Amphiprion clarkii	not applicable	tail fin	not applicable	2013-05-31	juvenile
APCL13_525_L1270	L1270	Amphiprion clarkii	not applicable	tail fin	not applicable	2013-06-02	juvenile
APCL13_578_L1271	L1271	Amphiprion clarkii	not applicable	tail fin	male	2013-06-03	adult
APCL13_586_L1272	L1272	Amphiprion clarkii	not applicable	tail fin	not applicable	2013-06-03	juvenile
APCL13_647_L1274	L1274	Amphiprion clarkii	not applicable	tail fin	not applicable	2013-06-04	juvenile
APCL14_031_L1275	L1275	Amphiprion clarkii	not applicable	tail fin	not applicable	2014-06-12	juvenile
APCL14_205_L1277	L1277	Amphiprion clarkii	not applicable	tail fin	not applicable	2014-06-18	juvenile
APCL13_610_L1278	L1278	Amphiprion clarkii	not applicable	tail fin	male	2013-06-04	adult
APCL14_233_L1279	L1279	Amphiprion clarkii	not applicable	tail fin	not applicable	2014-06-18	juvenile
APCL14_243_L1280	L1280	Amphiprion clarkii	not applicable	tail fin	male	2014-06-18	adult
APCL14_433_L1283	L1283	Amphiprion clarkii	not applicable	tail fin	male	2014-06-24	adult
APCL14_148_L1284	L1284	Amphiprion clarkii	not applicable	tail fin	male	2014-06-16	adult
APCL14_219_L1285	L1285	Amphiprion clarkii	not applicable	tail fin	not applicable	2014-06-18	juvenile
APCL14_459_L1286	L1286	Amphiprion clarkii	not applicable	tail fin	not applicable	2014-06-26	juvenile
APCL14_225_L1289	L1289	Amphiprion clarkii	not applicable	tail fin	not applicable	2014-06-18	juvenile
APCL14_034_L1290	L1290	Amphiprion clarkii	not applicable	tail fin	not applicable	2014-06-12	juvenile
APCL14_174_L1291	L1291	Amphiprion clarkii	not applicable	tail fin	not applicable	2014-06-17	juvenile
APCL14_037_L1293	L1293	Amphiprion clarkii	not applicable	tail fin	female	2014-06-12	adult
APCL14_211_L1295	L1295	Amphiprion clarkii	not applicable	tail fin	female	2014-06-18	adult
APCL14_216_L1299	L1299	Amphiprion clarkii	not applicable	tail fin	not applicable	2014-06-18	juvenile
APCL14_257_L1301	L1301	Amphiprion clarkii	not applicable	tail fin	male	2014-06-22	adult
APCL14_266_L1302	L1302	Amphiprion clarkii	not applicable	tail fin	male	2014-06-22	adult
APCL13_439_L1308	L1308	Amphiprion clarkii	not applicable	tail fin	not applicable	2013-05-31	juvenile
APCL13_473_L1309	L1309	Amphiprion clarkii	not applicable	tail fin	not applicable	2013-05-31	juvenile
APCL13_475_L1310	L1310	Amphiprion clarkii	not applicable	tail fin	not applicable	2013-05-31	juvenile
APCL13_484_L1311	L1311	Amphiprion clarkii	not applicable	tail fin	female	2013-05-31	adult
APCL13_519_L1312	L1312	Amphiprion clarkii	not applicable	tail fin	not applicable	2013-06-02	juvenile
APCL13_531_L1314	L1314	Amphiprion clarkii	not applicable	tail fin	not applicable	2013-06-02	juvenile
APCL13_546_L1315	L1315	Amphiprion clarkii	not applicable	tail fin	female	2013-06-02	adult
APCL13_571_L1316	L1316	Amphiprion clarkii	not applicable	tail fin	female	2013-06-03	adult
APCL13_576_L1317	L1317	Amphiprion clarkii	not applicable	tail fin	female	2013-06-03	adult
APCL13_593_L1318	L1318	Amphiprion clarkii	not applicable	tail fin	not applicable	2013-06-03	juvenile
APCL13_597_L1319	L1319	Amphiprion clarkii	not applicable	tail fin	male	2013-06-03	adult
APCL14_212_L1322	L1322	Amphiprion clarkii	not applicable	tail fin	not applicable	2014-06-18	juvenile
APCL14_179_L1323	L1323	Amphiprion clarkii	not applicable	tail fin	not applicable	2014-06-17	juvenile
APCL14_180_L1324	L1324	Amphiprion clarkii	not applicable	tail fin	male	2014-06-17	adult
APCL14_054_L1329	L1329	Amphiprion clarkii	not applicable	tail fin	NA	2014-06-12	NA
APCL14_099_L1330	L1330	Amphiprion clarkii	not applicable	tail fin	not applicable	2014-06-13	juvenile
APCL14_163_L1331	L1331	Amphiprion clarkii	not applicable	tail fin	male	2014-06-17	adult
APCL14_177_L1332	L1332	Amphiprion clarkii	not applicable	tail fin	not applicable	2014-06-17	juvenile
APCL14_191_L1333	L1333	Amphiprion clarkii	not applicable	tail fin	not applicable	2014-06-17	juvenile
APCL14_146_L1335	L1335	Amphiprion clarkii	not applicable	tail fin	male	2014-06-16	adult
APCL13_650_L1336	L1336	Amphiprion clarkii	not applicable	tail fin	female	2013-06-04	adult
APCL14_082_L1337	L1337	Amphiprion clarkii	not applicable	tail fin	female	2014-06-13	adult
APCL14_085_L1338	L1338	Amphiprion clarkii	not applicable	tail fin	male	2014-06-13	adult
APCL14_089_L1339	L1339	Amphiprion clarkii	not applicable	tail fin	not applicable	2014-06-13	juvenile
APCL14_406_L1340	L1340	Amphiprion clarkii	not applicable	tail fin	not applicable	2014-06-23	juvenile
APCL14_434_L1344	L1344	Amphiprion clarkii	not applicable	tail fin	not applicable	2014-06-24	juvenile
APCL14_439_L1346	L1346	Amphiprion clarkii	not applicable	tail fin	not applicable	2014-06-24	juvenile
APCL14_440_L1347	L1347	Amphiprion clarkii	not applicable	tail fin	not applicable	2014-06-24	juvenile
APCL14_258_L1348	L1348	Amphiprion clarkii	not applicable	tail fin	not applicable	2014-06-22	juvenile
APCL13_639_L1724	L1724	Amphiprion clarkii	not applicable	tail fin	not applicable	2013-06-04	juvenile
APCL14_399_L1730	L1730	Amphiprion clarkii	not applicable	tail fin	not applicable	2014-06-23	juvenile
APCL14_401_L1731	L1731	Amphiprion clarkii	not applicable	tail fin	not applicable	2014-06-23	juvenile
APCL12_022_L1733	L1733	Amphiprion clarkii	not applicable	tail fin	NA	2012-05-06	NA
APCL12_037_L1734	L1734	Amphiprion clarkii	not applicable	tail fin	NA	2012-05-08	NA
APCL14_315_L1743	L1743	Amphiprion clarkii	not applicable	tail fin	male	2014-06-22	adult
APCL14_316_L1744	L1744	Amphiprion clarkii	not applicable	tail fin	female	2014-06-22	adult
APCL14_400_L1745	L1745	Amphiprion clarkii	not applicable	tail fin	not applicable	2014-06-23	juvenile
APCL12_049_L1756	L1756	Amphiprion clarkii	not applicable	tail fin	NA	2012-05-08	NA
APCL12_050_L1757	L1757	Amphiprion clarkii	not applicable	tail fin	NA	2012-05-08	NA
APCL12_088_L1760	L1760	Amphiprion clarkii	not applicable	tail fin	male	2012-05-09	adult
APCL12_092_L1761	L1761	Amphiprion clarkii	not applicable	tail fin	male	2012-05-09	adult
APCL12_093_L1762	L1762	Amphiprion clarkii	not applicable	tail fin	male	2012-05-09	adult
APCL12_095_L1763	L1763	Amphiprion clarkii	not applicable	tail fin	female	2012-05-09	adult
APCL12_099_L1764	L1764	Amphiprion clarkii	not applicable	tail fin	male	2012-05-09	adult
APCL12_104_L1765	L1765	Amphiprion clarkii	not applicable	tail fin	female	2012-05-09	adult
APCL12_105_L1766	L1766	Amphiprion clarkii	not applicable	tail fin	NA	2012-05-09	NA
APCL12_107_L1767	L1767	Amphiprion clarkii	not applicable	tail fin	NA	2012-05-09	NA
APCL12_108_L1768	L1768	Amphiprion clarkii	not applicable	tail fin	female	2012-05-09	adult
APCL12_109_L1769	L1769	Amphiprion clarkii	not applicable	tail fin	NA	2012-05-09	NA
APCL12_110_L1770	L1770	Amphiprion clarkii	not applicable	tail fin	NA	2012-05-09	NA
APCL12_111_L1771	L1771	Amphiprion clarkii	not applicable	tail fin	male	2012-05-09	adult
APCL12_113_L1772	L1772	Amphiprion clarkii	not applicable	tail fin	NA	2012-05-09	NA
APCL12_116_L1773	L1773	Amphiprion clarkii	not applicable	tail fin	not applicable	2012-05-09	juvenile
APCL12_118_L1774	L1774	Amphiprion clarkii	not applicable	tail fin	male	2012-05-09	adult
APCL12_120_L1775	L1775	Amphiprion clarkii	not applicable	tail fin	not applicable	2012-05-09	juvenile
APCL12_153_L1777	L1777	Amphiprion clarkii	not applicable	tail fin	male	2012-05-10	adult
APCL12_160_L1778	L1778	Amphiprion clarkii	not applicable	tail fin	not applicable	2012-05-10	juvenile
APCL12_170_L1779	L1779	Amphiprion clarkii	not applicable	tail fin	female	2012-05-10	adult
APCL12_176_L1780	L1780	Amphiprion clarkii	not applicable	tail fin	female	2012-05-10	adult
APCL12_177_L1781	L1781	Amphiprion clarkii	not applicable	tail fin	female	2012-05-10	adult
APCL12_179_L1782	L1782	Amphiprion clarkii	not applicable	tail fin	male	2012-05-10	adult
APCL13_643_L2200	L2200	Amphiprion clarkii	not applicable	tail fin	male	2013-06-04	adult
APCL12_051_L2202	L2202	Amphiprion clarkii	not applicable	tail fin	NA	2012-05-08	NA
APCL12_052_L2203	L2203	Amphiprion clarkii	not applicable	tail fin	NA	2012-05-08	NA
APCL12_053_L2204	L2204	Amphiprion clarkii	not applicable	tail fin	NA	2012-05-08	NA
APCL12_071_L2205	L2205	Amphiprion clarkii	not applicable	tail fin	female	2012-05-09	adult
APCL12_074_L2206	L2206	Amphiprion clarkii	not applicable	tail fin	female	2012-05-09	adult
APCL12_083_L2207	L2207	Amphiprion clarkii	not applicable	tail fin	male	2012-05-09	adult
APCL12_085_L2209	L2209	Amphiprion clarkii	not applicable	tail fin	female	2012-05-09	adult
APCL12_090_L2210	L2210	Amphiprion clarkii	not applicable	tail fin	NA	2012-05-09	NA
APCL12_091_L2211	L2211	Amphiprion clarkii	not applicable	tail fin	NA	2012-05-09	NA
APCL12_094_L2212	L2212	Amphiprion clarkii	not applicable	tail fin	NA	2012-05-09	NA
APCL12_098_L2213	L2213	Amphiprion clarkii	not applicable	tail fin	female	2012-05-09	adult
APCL12_102_L2214	L2214	Amphiprion clarkii	not applicable	tail fin	not applicable	2012-05-09	juvenile
APCL12_106_L2215	L2215	Amphiprion clarkii	not applicable	tail fin	male	2012-05-09	adult
APCL12_115_L2216	L2216	Amphiprion clarkii	not applicable	tail fin	not applicable	2012-05-09	juvenile
APCL12_117_L2217	L2217	Amphiprion clarkii	not applicable	tail fin	male	2012-05-09	adult
APCL12_119_L2218	L2218	Amphiprion clarkii	not applicable	tail fin	NA	2012-05-09	NA
APCL12_122_L2220	L2220	Amphiprion clarkii	not applicable	tail fin	not applicable	2012-05-09	juvenile
APCL12_123_L2221	L2221	Amphiprion clarkii	not applicable	tail fin	NA	2012-05-09	NA
APCL12_125_L2222	L2222	Amphiprion clarkii	not applicable	tail fin	male	2012-05-09	adult
APCL12_138_L2223	L2223	Amphiprion clarkii	not applicable	tail fin	female	2012-05-10	adult
APCL12_144_L2224	L2224	Amphiprion clarkii	not applicable	tail fin	female	2012-05-10	adult
APCL12_150_L2225	L2225	Amphiprion clarkii	not applicable	tail fin	not applicable	2012-05-10	juvenile
APCL12_167_L2226	L2226	Amphiprion clarkii	not applicable	tail fin	not applicable	2012-05-10	juvenile
APCL12_205_L2227	L2227	Amphiprion clarkii	not applicable	tail fin	not applicable	2012-05-11	juvenile
APCL12_209_L2228	L2228	Amphiprion clarkii	not applicable	tail fin	not applicable	2012-05-11	juvenile
APCL12_210_L2229	L2229	Amphiprion clarkii	not applicable	tail fin	male	2012-05-11	adult
APCL13_414_L2230	L2230	Amphiprion clarkii	not applicable	tail fin	female	2013-05-30	adult
APCL13_503_L2232	L2232	Amphiprion clarkii	not applicable	tail fin	male	2013-06-01	adult
APCL13_504_L2233	L2233	Amphiprion clarkii	not applicable	tail fin	male	2013-06-01	adult
APCL13_205_L2234	L2234	Amphiprion clarkii	not applicable	tail fin	female	2013-05-27	adult
APCL13_506_L2235	L2235	Amphiprion clarkii	not applicable	tail fin	male	2013-06-01	adult
APCL13_508_L2236	L2236	Amphiprion clarkii	not applicable	tail fin	female	2013-06-01	adult
APCL13_509_L2237	L2237	Amphiprion clarkii	not applicable	tail fin	not applicable	2013-06-01	juvenile
APCL13_510_L2238	L2238	Amphiprion clarkii	not applicable	tail fin	female	2013-06-01	adult
APCL13_511_L2239	L2239	Amphiprion clarkii	not applicable	tail fin	male	2013-06-01	adult
APCL14_130_L2244	L2244	Amphiprion clarkii	not applicable	tail fin	not applicable	2014-06-16	juvenile
APCL14_186_L2248	L2248	Amphiprion clarkii	not applicable	tail fin	not applicable	2014-06-17	juvenile
APCL12_032_L2259	L2259	Amphiprion clarkii	not applicable	tail fin	NA	2012-05-08	NA
APCL12_069_L2263	L2263	Amphiprion clarkii	not applicable	tail fin	male	2012-05-09	adult
APCL12_070_L2264	L2264	Amphiprion clarkii	not applicable	tail fin	NA	2012-05-09	NA
APCL12_077_L2265	L2265	Amphiprion clarkii	not applicable	tail fin	male	2012-05-09	adult
APCL12_086_L2266	L2266	Amphiprion clarkii	not applicable	tail fin	NA	2012-05-09	NA
APCL12_089_L2267	L2267	Amphiprion clarkii	not applicable	tail fin	male	2012-05-09	adult
APCL12_096_L2268	L2268	Amphiprion clarkii	not applicable	tail fin	not applicable	2012-05-09	juvenile
APCL12_100_L2269	L2269	Amphiprion clarkii	not applicable	tail fin	NA	2012-05-09	NA
APCL12_103_L2270	L2270	Amphiprion clarkii	not applicable	tail fin	NA	2012-05-09	NA
APCL12_130_L2272	L2272	Amphiprion clarkii	not applicable	tail fin	female	2012-05-10	adult
APCL12_152_L2274	L2274	Amphiprion clarkii	not applicable	tail fin	not applicable	2012-05-10	juvenile
APCL12_159_L2275	L2275	Amphiprion clarkii	not applicable	tail fin	male	2012-05-10	adult
APCL12_166_L2276	L2276	Amphiprion clarkii	not applicable	tail fin	not applicable	2012-05-10	juvenile
APCL12_171_L2277	L2277	Amphiprion clarkii	not applicable	tail fin	female	2012-05-10	adult
APCL12_194_L2278	L2278	Amphiprion clarkii	not applicable	tail fin	male	2012-05-11	adult
APCL12_197_L2279	L2279	Amphiprion clarkii	not applicable	tail fin	female	2012-05-11	adult
APCL12_199_L2281	L2281	Amphiprion clarkii	not applicable	tail fin	not applicable	2012-05-11	juvenile
APCL12_201_L2282	L2282	Amphiprion clarkii	not applicable	tail fin	male	2012-05-11	adult
APCL12_206_L2284	L2284	Amphiprion clarkii	not applicable	tail fin	not applicable	2012-05-11	juvenile
APCL12_207_L2285	L2285	Amphiprion clarkii	not applicable	tail fin	not applicable	2012-05-11	juvenile
APCL12_211_L2287	L2287	Amphiprion clarkii	not applicable	tail fin	female	2012-05-11	adult
APCL12_212_L2288	L2288	Amphiprion clarkii	not applicable	tail fin	not applicable	2012-05-11	juvenile
APCL14_560_L2289	L2289	Amphiprion clarkii	not applicable	tail fin	male	2014-06-12	adult
APCL12_216_L2290	L2290	Amphiprion clarkii	not applicable	tail fin	male	2012-05-11	adult
APCL12_217_L2291	L2291	Amphiprion clarkii	not applicable	tail fin	not applicable	2012-05-11	juvenile
APCL12_218_L2292	L2292	Amphiprion clarkii	not applicable	tail fin	not applicable	2012-05-11	juvenile
APCL12_240_L2293	L2293	Amphiprion clarkii	not applicable	tail fin	male	2012-05-13	adult
APCL12_241_L2294	L2294	Amphiprion clarkii	not applicable	tail fin	male	2012-05-13	adult
APCL12_242_L2295	L2295	Amphiprion clarkii	not applicable	tail fin	male	2012-05-13	adult
APCL12_243_L2296	L2296	Amphiprion clarkii	not applicable	tail fin	female	2012-05-13	adult
APCL12_245_L2297	L2297	Amphiprion clarkii	not applicable	tail fin	male	2012-05-13	adult
APCL12_246_L2298	L2298	Amphiprion clarkii	not applicable	tail fin	male	2012-05-13	adult
APCL12_252_L2299	L2299	Amphiprion clarkii	not applicable	tail fin	male	2012-05-14	adult
APCL12_253_L2300	L2300	Amphiprion clarkii	not applicable	tail fin	female	2012-05-14	adult
APCL12_254_L2301	L2301	Amphiprion clarkii	not applicable	tail fin	male	2012-05-14	adult
APCL12_257_L2302	L2302	Amphiprion clarkii	not applicable	tail fin	not applicable	2012-05-14	juvenile
APCL12_259_L2303	L2303	Amphiprion clarkii	not applicable	tail fin	female	2012-05-14	adult
APCL12_260_L2304	L2304	Amphiprion clarkii	not applicable	tail fin	male	2012-05-14	adult
APCL12_261_L2305	L2305	Amphiprion clarkii	not applicable	tail fin	not applicable	2012-05-14	juvenile
APCL12_262_L2306	L2306	Amphiprion clarkii	not applicable	tail fin	female	2012-05-14	adult
APCL12_263_L2307	L2307	Amphiprion clarkii	not applicable	tail fin	male	2012-05-14	adult
APCL12_264_L2308	L2308	Amphiprion clarkii	not applicable	tail fin	male	2012-05-14	adult
APCL12_265_L2309	L2309	Amphiprion clarkii	not applicable	tail fin	male	2012-05-14	adult
APCL12_266_L2310	L2310	Amphiprion clarkii	not applicable	tail fin	not applicable	2012-05-14	juvenile
APCL12_267_L2311	L2311	Amphiprion clarkii	not applicable	tail fin	not applicable	2012-05-14	juvenile
APCL12_268_L2312	L2312	Amphiprion clarkii	not applicable	tail fin	male	2012-05-14	adult
APCL12_269_L2313	L2313	Amphiprion clarkii	not applicable	tail fin	male	2012-05-14	adult
APCL12_270_L2314	L2314	Amphiprion clarkii	not applicable	tail fin	female	2012-05-14	adult
APCL15_356376_L2315	L2315	Amphiprion clarkii	not applicable	tail fin	male	2015-06-13	adult
APCL12_272_L2316	L2316	Amphiprion clarkii	not applicable	tail fin	female	2012-05-14	adult
APCL12_273_L2317	L2317	Amphiprion clarkii	not applicable	tail fin	male	2012-05-14	adult
APCL12_274_L2318	L2318	Amphiprion clarkii	not applicable	tail fin	not applicable	2012-05-14	juvenile
APCL12_276_L2319	L2319	Amphiprion clarkii	not applicable	tail fin	not applicable	2012-05-14	juvenile
APCL12_277_L2320	L2320	Amphiprion clarkii	not applicable	tail fin	male	2012-05-14	adult
APCL12_280_L2323	L2323	Amphiprion clarkii	not applicable	tail fin	male	2012-05-14	adult
APCL12_281_L2324	L2324	Amphiprion clarkii	not applicable	tail fin	female	2012-05-14	adult
APCL12_282_L2325	L2325	Amphiprion clarkii	not applicable	tail fin	not applicable	2012-05-14	juvenile
APCL12_284_L2327	L2327	Amphiprion clarkii	not applicable	tail fin	not applicable	2012-05-14	juvenile
APCL12_285_L2328	L2328	Amphiprion clarkii	not applicable	tail fin	female	2012-05-14	adult
APCL12_286_L2329	L2329	Amphiprion clarkii	not applicable	tail fin	not applicable	2012-05-14	juvenile
APCL15_404648_L2331	L2331	Amphiprion clarkii	not applicable	tail fin	male	2015-06-11	adult
APCL15_402854_L2332	L2332	Amphiprion clarkii	not applicable	tail fin	not applicable	2015-06-11	juvenile
APCL15_405490_L2333	L2333	Amphiprion clarkii	not applicable	tail fin	not applicable	2015-06-11	juvenile
APCL15_403262_L2334	L2334	Amphiprion clarkii	not applicable	tail fin	female	2015-06-11	adult
APCL15_403388_L2336	L2336	Amphiprion clarkii	not applicable	tail fin	female	2015-06-11	adult
APCL15_403072_L2337	L2337	Amphiprion clarkii	not applicable	tail fin	male	2015-06-11	adult
APCL15_403075_L2338	L2338	Amphiprion clarkii	not applicable	tail fin	not applicable	2015-06-11	juvenile
APCL15_133_L2339	L2339	Amphiprion clarkii	not applicable	tail fin	not applicable	2015-06-11	juvenile
APCL15_132_L2340	L2340	Amphiprion clarkii	not applicable	tail fin	not applicable	2015-06-11	juvenile
APCL15_402950_L2343	L2343	Amphiprion clarkii	not applicable	tail fin	female	2015-06-11	adult
APCL12_025_L2344	L2344	Amphiprion clarkii	not applicable	tail fin	NA	2012-05-06	NA
APCL12_030_L2345	L2345	Amphiprion clarkii	not applicable	tail fin	NA	2012-05-06	NA
APCL12_124_L2346	L2346	Amphiprion clarkii	not applicable	tail fin	not applicable	2012-05-09	juvenile
APCL13_514_L2347	L2347	Amphiprion clarkii	not applicable	tail fin	not applicable	2013-06-02	juvenile
APCL14_125_L2348	L2348	Amphiprion clarkii	not applicable	tail fin	female	2014-06-16	adult
APCL12_036_L2355	L2355	Amphiprion clarkii	not applicable	tail fin	NA	2012-05-08	NA
APCL12_040_L2356	L2356	Amphiprion clarkii	not applicable	tail fin	NA	2012-05-08	NA
APCL12_041_L2357	L2357	Amphiprion clarkii	not applicable	tail fin	NA	2012-05-08	NA
APCL12_042_L2358	L2358	Amphiprion clarkii	not applicable	tail fin	NA	2012-05-08	NA
APCL12_047_L2360	L2360	Amphiprion clarkii	not applicable	tail fin	NA	2012-05-08	NA
APCL12_055_L2361	L2361	Amphiprion clarkii	not applicable	tail fin	NA	2012-05-09	NA
APCL12_059_L2363	L2363	Amphiprion clarkii	not applicable	tail fin	NA	2012-05-09	NA
APCL12_078_L2364	L2364	Amphiprion clarkii	not applicable	tail fin	male	2012-05-09	adult
APCL12_087_L2365	L2365	Amphiprion clarkii	not applicable	tail fin	male	2012-05-09	adult
APCL12_097_L2366	L2366	Amphiprion clarkii	not applicable	tail fin	male	2012-05-09	adult
APCL12_101_L2367	L2367	Amphiprion clarkii	not applicable	tail fin	NA	2012-05-09	NA
APCL12_112_L2368	L2368	Amphiprion clarkii	not applicable	tail fin	NA	2012-05-09	NA
APCL12_126_L2369	L2369	Amphiprion clarkii	not applicable	tail fin	NA	2012-05-10	NA
APCL12_127_L2370	L2370	Amphiprion clarkii	not applicable	tail fin	NA	2012-05-10	NA
APCL12_129_L2371	L2371	Amphiprion clarkii	not applicable	tail fin	NA	2012-05-10	NA
APCL12_133_L2372	L2372	Amphiprion clarkii	not applicable	tail fin	not applicable	2012-05-10	juvenile
APCL12_134_L2373	L2373	Amphiprion clarkii	not applicable	tail fin	not applicable	2012-05-10	juvenile
APCL12_139_L2374	L2374	Amphiprion clarkii	not applicable	tail fin	male	2012-05-10	adult
APCL12_141_L2375	L2375	Amphiprion clarkii	not applicable	tail fin	not applicable	2012-05-10	juvenile
APCL12_146_L2376	L2376	Amphiprion clarkii	not applicable	tail fin	female	2012-05-10	adult
APCL12_151_L2377	L2377	Amphiprion clarkii	not applicable	tail fin	not applicable	2012-05-10	juvenile
APCL12_156_L2378	L2378	Amphiprion clarkii	not applicable	tail fin	female	2012-05-10	adult
APCL12_163_L2379	L2379	Amphiprion clarkii	not applicable	tail fin	not applicable	2012-05-10	juvenile
APCL12_164_L2380	L2380	Amphiprion clarkii	not applicable	tail fin	male	2012-05-10	adult
APCL12_165_L2381	L2381	Amphiprion clarkii	not applicable	tail fin	male	2012-05-10	adult
APCL12_174_L2382	L2382	Amphiprion clarkii	not applicable	tail fin	male	2012-05-10	adult
APCL12_193_L2383	L2383	Amphiprion clarkii	not applicable	tail fin	not applicable	2012-05-11	juvenile
APCL12_200_L2384	L2384	Amphiprion clarkii	not applicable	tail fin	not applicable	2012-05-11	juvenile
APCL12_214_L2386	L2386	Amphiprion clarkii	not applicable	tail fin	not applicable	2012-05-11	juvenile
APCL12_215_L2387	L2387	Amphiprion clarkii	not applicable	tail fin	female	2012-05-11	adult
APCL12_220_L2388	L2388	Amphiprion clarkii	not applicable	tail fin	female	2012-05-11	adult
APCL12_247_L2389	L2389	Amphiprion clarkii	not applicable	tail fin	male	2012-05-13	adult
APCL15_134_L2390	L2390	Amphiprion clarkii	not applicable	tail fin	not applicable	2015-06-11	juvenile
APCL15_403622_L2391	L2391	Amphiprion clarkii	not applicable	tail fin	male	2015-06-11	adult
APCL13_415_L2393	L2393	Amphiprion clarkii	not applicable	tail fin	male	2013-05-30	adult
APCL13_500_L2394	L2394	Amphiprion clarkii	not applicable	tail fin	not applicable	2013-06-01	juvenile
APCL13_502_L2395	L2395	Amphiprion clarkii	not applicable	tail fin	not applicable	2013-06-01	juvenile
APCL13_507_L2396	L2396	Amphiprion clarkii	not applicable	tail fin	not applicable	2013-06-01	juvenile
APCL14_192_L2397	L2397	Amphiprion clarkii	not applicable	tail fin	not applicable	2014-06-17	juvenile
APCL14_324_L2398	L2398	Amphiprion clarkii	not applicable	tail fin	not applicable	2014-06-24	juvenile
APCL14_332_L2399	L2399	Amphiprion clarkii	not applicable	tail fin	not applicable	2014-06-24	juvenile
APCL12_027_L2404	L2404	Amphiprion clarkii	not applicable	tail fin	NA	2012-05-06	NA
APCL12_035_L2405	L2405	Amphiprion clarkii	not applicable	tail fin	NA	2012-05-08	NA
APCL12_039_L2406	L2406	Amphiprion clarkii	not applicable	tail fin	NA	2012-05-08	NA
APCL12_043_L2407	L2407	Amphiprion clarkii	not applicable	tail fin	NA	2012-05-08	NA
APCL12_044_L2408	L2408	Amphiprion clarkii	not applicable	tail fin	NA	2012-05-08	NA
APCL14_372_L2410	L2410	Amphiprion clarkii	not applicable	tail fin	male	2014-06-23	adult
APCL12_046_L2411	L2411	Amphiprion clarkii	not applicable	tail fin	NA	2012-05-08	NA
APCL12_060_L2413	L2413	Amphiprion clarkii	not applicable	tail fin	NA	2012-05-09	NA
APCL12_061_L2414	L2414	Amphiprion clarkii	not applicable	tail fin	NA	2012-05-09	NA
APCL12_062_L2415	L2415	Amphiprion clarkii	not applicable	tail fin	NA	2012-05-09	NA
APCL12_064_L2416	L2416	Amphiprion clarkii	not applicable	tail fin	female	2012-05-09	adult
APCL12_066_L2417	L2417	Amphiprion clarkii	not applicable	tail fin	NA	2012-05-09	NA
APCL12_072_L2418	L2418	Amphiprion clarkii	not applicable	tail fin	NA	2012-05-09	NA
APCL12_075_L2419	L2419	Amphiprion clarkii	not applicable	tail fin	male	2012-05-09	adult
APCL12_131_L2422	L2422	Amphiprion clarkii	not applicable	tail fin	male	2012-05-10	adult
APCL12_140_L2423	L2423	Amphiprion clarkii	not applicable	tail fin	male	2012-05-10	adult
APCL12_143_L2424	L2424	Amphiprion clarkii	not applicable	tail fin	not applicable	2012-05-10	juvenile
APCL12_148_L2425	L2425	Amphiprion clarkii	not applicable	tail fin	male	2012-05-10	adult
APCL12_161_L2426	L2426	Amphiprion clarkii	not applicable	tail fin	male	2012-05-10	adult
APCL12_169_L2427	L2427	Amphiprion clarkii	not applicable	tail fin	not applicable	2012-05-10	juvenile
APCL12_175_L2428	L2428	Amphiprion clarkii	not applicable	tail fin	not applicable	2012-05-10	juvenile
APCL12_196_L2429	L2429	Amphiprion clarkii	not applicable	tail fin	not applicable	2012-05-11	juvenile
APCL12_204_L2430	L2430	Amphiprion clarkii	not applicable	tail fin	not applicable	2012-05-11	juvenile
APCL12_213_L2431	L2431	Amphiprion clarkii	not applicable	tail fin	not applicable	2012-05-11	juvenile
APCL12_221_L2432	L2432	Amphiprion clarkii	not applicable	tail fin	male	2012-05-11	adult
APCL12_244_L2433	L2433	Amphiprion clarkii	not applicable	tail fin	female	2012-05-13	adult
APCL12_249_L2434	L2434	Amphiprion clarkii	not applicable	tail fin	not applicable	2012-05-14	juvenile
APCL12_251_L2435	L2435	Amphiprion clarkii	not applicable	tail fin	male	2012-05-14	adult
APCL12_256_L2436	L2436	Amphiprion clarkii	not applicable	tail fin	not applicable	2012-05-14	juvenile
APCL12_275_L2437	L2437	Amphiprion clarkii	not applicable	tail fin	not applicable	2012-05-14	juvenile
APCL15_404635_L2438	L2438	Amphiprion clarkii	not applicable	tail fin	male	2015-06-11	adult
APCL15_135_L2439	L2439	Amphiprion clarkii	not applicable	tail fin	not applicable	2015-06-11	juvenile
APCL13_122_L2440	L2440	Amphiprion clarkii	not applicable	tail fin	not applicable	2013-05-25	juvenile
APCL14_252_L2441	L2441	Amphiprion clarkii	not applicable	tail fin	not applicable	2014-06-22	juvenile
APCL13_496_L2442	L2442	Amphiprion clarkii	not applicable	tail fin	male	2013-05-31	adult
APCL13_513_L2443	L2443	Amphiprion clarkii	not applicable	tail fin	female	2013-06-02	adult
APCL14_329_L2445	L2445	Amphiprion clarkii	not applicable	tail fin	not applicable	2014-06-24	juvenile
APCL14_336_L2446	L2446	Amphiprion clarkii	not applicable	tail fin	not applicable	2014-06-24	juvenile
APCL14_360_L2450	L2450	Amphiprion clarkii	not applicable	tail fin	male	2014-06-23	adult
APCL14_405_L2453	L2453	Amphiprion clarkii	not applicable	tail fin	not applicable	2014-06-23	juvenile
APCL14_429_L2454	L2454	Amphiprion clarkii	not applicable	tail fin	not applicable	2014-06-24	juvenile
APCL14_430_L2455	L2455	Amphiprion clarkii	not applicable	tail fin	not applicable	2014-06-24	juvenile
APCL12_026_L2463	L2463	Amphiprion clarkii	not applicable	tail fin	NA	2012-05-06	NA
APCL12_028_L2464	L2464	Amphiprion clarkii	not applicable	tail fin	NA	2012-05-06	NA
APCL12_033_L2465	L2465	Amphiprion clarkii	not applicable	tail fin	NA	2012-05-08	NA
APCL12_056_L2470	L2470	Amphiprion clarkii	not applicable	tail fin	NA	2012-05-09	NA
APCL12_067_L2471	L2471	Amphiprion clarkii	not applicable	tail fin	NA	2012-05-09	NA
APCL12_068_L2472	L2472	Amphiprion clarkii	not applicable	tail fin	NA	2012-05-09	NA
APCL12_073_L2473	L2473	Amphiprion clarkii	not applicable	tail fin	NA	2012-05-09	NA
APCL12_135_L2474	L2474	Amphiprion clarkii	not applicable	tail fin	not applicable	2012-05-10	juvenile
APCL12_137_L2475	L2475	Amphiprion clarkii	not applicable	tail fin	male	2012-05-10	adult
APCL12_142_L2476	L2476	Amphiprion clarkii	not applicable	tail fin	male	2012-05-10	adult
APCL12_154_L2477	L2477	Amphiprion clarkii	not applicable	tail fin	female	2012-05-10	adult
APCL12_157_L2478	L2478	Amphiprion clarkii	not applicable	tail fin	not applicable	2012-05-10	juvenile
APCL12_158_L2479	L2479	Amphiprion clarkii	not applicable	tail fin	not applicable	2012-05-10	juvenile
APCL12_162_L2480	L2480	Amphiprion clarkii	not applicable	tail fin	not applicable	2012-05-10	juvenile
APCL12_168_L2481	L2481	Amphiprion clarkii	not applicable	tail fin	not applicable	2012-05-10	juvenile
APCL12_172_L2482	L2482	Amphiprion clarkii	not applicable	tail fin	male	2012-05-10	adult
APCL12_173_L2483	L2483	Amphiprion clarkii	not applicable	tail fin	not applicable	2012-05-10	juvenile
APCL12_185_L2484	L2484	Amphiprion clarkii	not applicable	tail fin	male	2012-05-11	adult
APCL12_219_L2485	L2485	Amphiprion clarkii	not applicable	tail fin	not applicable	2012-05-11	juvenile
APCL12_250_L2486	L2486	Amphiprion clarkii	not applicable	tail fin	not applicable	2012-05-14	juvenile
APCL12_258_L2487	L2487	Amphiprion clarkii	not applicable	tail fin	not applicable	2012-05-14	juvenile
APCL13_321_L2488	L2488	Amphiprion clarkii	not applicable	tail fin	not applicable	2013-05-29	juvenile
APCL13_453_L2490	L2490	Amphiprion clarkii	not applicable	tail fin	not applicable	2013-05-31	juvenile
APCL13_456_L2491	L2491	Amphiprion clarkii	not applicable	tail fin	not applicable	2013-05-31	juvenile
APCL13_463_L2492	L2492	Amphiprion clarkii	not applicable	tail fin	not applicable	2013-05-31	juvenile
APCL13_561_L2494	L2494	Amphiprion clarkii	not applicable	tail fin	not applicable	2013-06-03	juvenile
APCL13_582_L2495	L2495	Amphiprion clarkii	not applicable	tail fin	not applicable	2013-06-03	juvenile
APCL13_617_L2496	L2496	Amphiprion clarkii	not applicable	tail fin	not applicable	2013-06-04	juvenile
APCL13_659_L2497	L2497	Amphiprion clarkii	not applicable	tail fin	not applicable	2013-06-04	juvenile
APCL13_661_L2498	L2498	Amphiprion clarkii	not applicable	tail fin	not applicable	2013-06-04	juvenile
APCL13_662_L2499	L2499	Amphiprion clarkii	not applicable	tail fin	not applicable	2013-06-04	juvenile
APCL14_008_L2500	L2500	Amphiprion clarkii	not applicable	tail fin	female	2014-06-10	adult
APCL14_062_L2501	L2501	Amphiprion clarkii	not applicable	tail fin	female	2014-06-12	adult
APCL14_051_L2506	L2506	Amphiprion clarkii	not applicable	tail fin	not applicable	2014-06-12	juvenile
APCL14_072_L2507	L2507	Amphiprion clarkii	not applicable	tail fin	male	2014-06-13	adult
APCL14_083_L2508	L2508	Amphiprion clarkii	not applicable	tail fin	male	2014-06-13	adult
APCL14_150_L2509	L2509	Amphiprion clarkii	not applicable	tail fin	not applicable	2014-06-16	juvenile
APCL14_151_L2510	L2510	Amphiprion clarkii	not applicable	tail fin	not applicable	2014-06-16	juvenile
APCL14_178_L2511	L2511	Amphiprion clarkii	not applicable	tail fin	male	2014-06-17	adult
APCL14_203_L2512	L2512	Amphiprion clarkii	not applicable	tail fin	male	2014-06-18	adult
APCL14_092_L2518	L2518	Amphiprion clarkii	not applicable	tail fin	not applicable	2014-06-13	juvenile
APCL14_093_L2519	L2519	Amphiprion clarkii	not applicable	tail fin	not applicable	2014-06-13	juvenile
APCL14_269_L2523	L2523	Amphiprion clarkii	not applicable	tail fin	not applicable	2014-06-22	juvenile
APCL13_138_L2524	L2524	Amphiprion clarkii	not applicable	tail fin	not applicable	2013-05-26	juvenile
APCL13_153_L2525	L2525	Amphiprion clarkii	not applicable	tail fin	not applicable	2013-05-26	juvenile
APCL14_271_L2526	L2526	Amphiprion clarkii	not applicable	tail fin	not applicable	2014-06-22	juvenile
APCL13_416_L2527	L2527	Amphiprion clarkii	not applicable	tail fin	female	2013-05-30	adult
APCL13_515_L2528	L2528	Amphiprion clarkii	not applicable	tail fin	male	2013-06-02	adult
APCL14_250_L2530	L2530	Amphiprion clarkii	not applicable	tail fin	female	2014-06-22	adult
APCL14_328_L2531	L2531	Amphiprion clarkii	not applicable	tail fin	not applicable	2014-06-24	juvenile
APCL14_352_L2534	L2534	Amphiprion clarkii	not applicable	tail fin	male	2014-06-23	adult
APCL14_356_L2536	L2536	Amphiprion clarkii	not applicable	tail fin	male	2014-06-23	adult
APCL14_371_L2537	L2537	Amphiprion clarkii	not applicable	tail fin	male	2014-06-23	adult
APCL14_377_L2538	L2538	Amphiprion clarkii	not applicable	tail fin	male	2014-06-23	adult
APCL14_427_L2539	L2539	Amphiprion clarkii	not applicable	tail fin	not applicable	2014-06-24	juvenile
APCL12_023_L2552	L2552	Amphiprion clarkii	not applicable	tail fin	NA	2012-05-06	NA
APCL12_024_L2553	L2553	Amphiprion clarkii	not applicable	tail fin	NA	2012-05-06	NA
APCL12_029_L2554	L2554	Amphiprion clarkii	not applicable	tail fin	NA	2012-05-06	NA
APCL12_031_L2555	L2555	Amphiprion clarkii	not applicable	tail fin	NA	2012-05-08	NA
APCL14_365_L2556	L2556	Amphiprion clarkii	not applicable	tail fin	not applicable	2014-06-23	juvenile
APCL14_373_L2557	L2557	Amphiprion clarkii	not applicable	tail fin	male	2014-06-23	adult
APCL14_380_L2558	L2558	Amphiprion clarkii	not applicable	tail fin	not applicable	2014-06-23	juvenile
APCL14_381_L2559	L2559	Amphiprion clarkii	not applicable	tail fin	not applicable	2014-06-23	juvenile
APCL12_057_L2562	L2562	Amphiprion clarkii	not applicable	tail fin	NA	2012-05-09	NA
APCL12_063_L2563	L2563	Amphiprion clarkii	not applicable	tail fin	NA	2012-05-09	NA
APCL12_076_L2564	L2564	Amphiprion clarkii	not applicable	tail fin	NA	2012-05-09	NA
APCL12_079_L2565	L2565	Amphiprion clarkii	not applicable	tail fin	NA	2012-05-09	NA
APCL12_136_L2566	L2566	Amphiprion clarkii	not applicable	tail fin	NA	2012-05-10	NA
APCL12_145_L2567	L2567	Amphiprion clarkii	not applicable	tail fin	male	2012-05-10	adult
APCL12_155_L2568	L2568	Amphiprion clarkii	not applicable	tail fin	not applicable	2012-05-10	juvenile
APCL12_183_L2569	L2569	Amphiprion clarkii	not applicable	tail fin	female	2012-05-11	adult
APCL12_184_L2570	L2570	Amphiprion clarkii	not applicable	tail fin	male	2012-05-11	adult
APCL12_189_L2571	L2571	Amphiprion clarkii	not applicable	tail fin	not applicable	2012-05-11	juvenile
APCL12_191_L2572	L2572	Amphiprion clarkii	not applicable	tail fin	female	2012-05-11	adult
